[{"model": "easy_thumbnails.source", "pk": 1, "fields": {"storage_hash": "0d677af76ca5bf5575d614e04932c3a4", "name": "categories/Birthday_Squircle.webp", "modified": "2025-02-21T10:30:36.924Z"}}, {"model": "easy_thumbnails.source", "pk": 2, "fields": {"storage_hash": "0d677af76ca5bf5575d614e04932c3a4", "name": "subcategories/Birthday_capsule_Desk_132x132_Flowers.webp", "modified": "2025-02-21T10:29:49.321Z"}}, {"model": "easy_thumbnails.source", "pk": 3, "fields": {"storage_hash": "0d677af76ca5bf5575d614e04932c3a4", "name": "subcategories/Birthday_capsule_Desk_132x132_Cakes.webp", "modified": "2025-02-21T10:30:25.072Z"}}, {"model": "easy_thumbnails.source", "pk": 4, "fields": {"storage_hash": "0d677af76ca5bf5575d614e04932c3a4", "name": "subcategories/Birthday_capsule_Desk_132x132_Personalised.webp", "modified": "2025-02-21T10:31:17.888Z"}}, {"model": "easy_thumbnails.source", "pk": 5, "fields": {"storage_hash": "0d677af76ca5bf5575d614e04932c3a4", "name": "subcategories/Birthday_capsule_Desk_132x132_Plants_1.webp", "modified": "2025-02-21T10:32:07.244Z"}}, {"model": "easy_thumbnails.source", "pk": 6, "fields": {"storage_hash": "0d677af76ca5bf5575d614e04932c3a4", "name": "subcategories/Birthday_capsule_Desk_132x132_Combos.webp", "modified": "2025-02-21T10:32:55.618Z"}}, {"model": "easy_thumbnails.source", "pk": 7, "fields": {"storage_hash": "0d677af76ca5bf5575d614e04932c3a4", "name": "subcategories/Birthday_capsule_Desk_132x132_Bestsellers.webp", "modified": "2025-02-21T10:33:36.785Z"}}, {"model": "easy_thumbnails.source", "pk": 8, "fields": {"storage_hash": "0d677af76ca5bf5575d614e04932c3a4", "name": "categories/anniversary_Squircle-15-01-25_b2IIx6F.webp", "modified": "2025-02-22T03:32:10.280Z"}}, {"model": "easy_thumbnails.source", "pk": 9, "fields": {"storage_hash": "0d677af76ca5bf5575d614e04932c3a4", "name": "categories/Fashion_Squircle-20-02-2025.webp", "modified": "2025-02-22T03:35:17.077Z"}}, {"model": "easy_thumbnails.source", "pk": 10, "fields": {"storage_hash": "0d677af76ca5bf5575d614e04932c3a4", "name": "categories/wedding_Squircle-13-02-2025.webp", "modified": "2025-02-22T03:37:19.453Z"}}, {"model": "easy_thumbnails.source", "pk": 11, "fields": {"storage_hash": "0d677af76ca5bf5575d614e04932c3a4", "name": "categories/Flowers_Desk_11_02.webp", "modified": "2025-02-22T03:37:19.807Z"}}, {"model": "easy_thumbnails.source", "pk": 12, "fields": {"storage_hash": "0d677af76ca5bf5575d614e04932c3a4", "name": "categories/Cakes-desk-Icon-12-02-2025.webp", "modified": "2025-02-22T03:37:20.142Z"}}, {"model": "easy_thumbnails.source", "pk": 13, "fields": {"storage_hash": "0d677af76ca5bf5575d614e04932c3a4", "name": "categories/Personalised_desk-13-02-2025.webp", "modified": "2025-02-22T03:37:20.455Z"}}, {"model": "easy_thumbnails.source", "pk": 14, "fields": {"storage_hash": "0d677af76ca5bf5575d614e04932c3a4", "name": "products/varients/graceful-dry-flower-medley_1.webp", "modified": "2025-02-22T05:19:10.568Z"}}, {"model": "easy_thumbnails.source", "pk": 15, "fields": {"storage_hash": "0d677af76ca5bf5575d614e04932c3a4", "name": "products/graceful-dry-flower-medley_1.webp", "modified": "2025-02-22T05:19:24.942Z"}}, {"model": "easy_thumbnails.source", "pk": 16, "fields": {"storage_hash": "0d677af76ca5bf5575d614e04932c3a4", "name": "products/graceful-dry-flower-medley_2.webp", "modified": "2025-02-22T05:31:37.569Z"}}, {"model": "easy_thumbnails.source", "pk": 17, "fields": {"storage_hash": "0d677af76ca5bf5575d614e04932c3a4", "name": "products/graceful-dry-flower-medley_3.webp", "modified": "2025-02-22T05:31:37.855Z"}}, {"model": "easy_thumbnails.source", "pk": 18, "fields": {"storage_hash": "0d677af76ca5bf5575d614e04932c3a4", "name": "products/graceful-dry-flower-medley_4.webp", "modified": "2025-02-22T05:31:38.170Z"}}, {"model": "easy_thumbnails.source", "pk": 19, "fields": {"storage_hash": "0d677af76ca5bf5575d614e04932c3a4", "name": "products/varients/crochet-tulip-charm_1.webp", "modified": "2025-02-22T05:39:36.980Z"}}, {"model": "easy_thumbnails.source", "pk": 20, "fields": {"storage_hash": "0d677af76ca5bf5575d614e04932c3a4", "name": "products/crochet-tulip-charm_1.webp", "modified": "2025-02-22T05:39:30.844Z"}}, {"model": "easy_thumbnails.source", "pk": 21, "fields": {"storage_hash": "0d677af76ca5bf5575d614e04932c3a4", "name": "products/crochet-tulip-charm_2.webp", "modified": "2025-02-22T05:39:30.846Z"}}, {"model": "easy_thumbnails.source", "pk": 22, "fields": {"storage_hash": "0d677af76ca5bf5575d614e04932c3a4", "name": "products/crochet-tulip-charm_3.webp", "modified": "2025-02-22T05:39:30.849Z"}}, {"model": "easy_thumbnails.source", "pk": 23, "fields": {"storage_hash": "0d677af76ca5bf5575d614e04932c3a4", "name": "products/crochet-tulip-charm_4.jpg", "modified": "2025-02-22T05:39:30.851Z"}}, {"model": "easy_thumbnails.source", "pk": 24, "fields": {"storage_hash": "0d677af76ca5bf5575d614e04932c3a4", "name": "products/varients/timeless-grace-floral-arrangement_1.webp", "modified": "2025-02-22T06:03:19.151Z"}}, {"model": "easy_thumbnails.source", "pk": 25, "fields": {"storage_hash": "0d677af76ca5bf5575d614e04932c3a4", "name": "products/timeless-grace-floral-arrangement_1.webp", "modified": "2025-02-22T06:03:04.304Z"}}, {"model": "easy_thumbnails.source", "pk": 26, "fields": {"storage_hash": "0d677af76ca5bf5575d614e04932c3a4", "name": "products/timeless-grace-floral-arrangement_2.webp", "modified": "2025-02-22T06:03:04.310Z"}}, {"model": "easy_thumbnails.source", "pk": 27, "fields": {"storage_hash": "0d677af76ca5bf5575d614e04932c3a4", "name": "products/timeless-grace-floral-arrangement_3.jpg", "modified": "2025-02-22T06:03:04.315Z"}}, {"model": "easy_thumbnails.source", "pk": 28, "fields": {"storage_hash": "0d677af76ca5bf5575d614e04932c3a4", "name": "products/timeless-grace-floral-arrangement_4.webp", "modified": "2025-02-22T06:03:04.319Z"}}, {"model": "easy_thumbnails.source", "pk": 29, "fields": {"storage_hash": "0d677af76ca5bf5575d614e04932c3a4", "name": "products/varients/serene-pink-dry-flower-ensemble_1.webp", "modified": "2025-02-22T06:12:30.297Z"}}, {"model": "easy_thumbnails.source", "pk": 30, "fields": {"storage_hash": "0d677af76ca5bf5575d614e04932c3a4", "name": "products/serene-pink-dry-flower-ensemble_1.webp", "modified": "2025-02-22T06:29:34.164Z"}}, {"model": "easy_thumbnails.source", "pk": 31, "fields": {"storage_hash": "0d677af76ca5bf5575d614e04932c3a4", "name": "products/serene-pink-dry-flower-ensemble_2.webp", "modified": "2025-02-22T06:29:34.605Z"}}, {"model": "easy_thumbnails.source", "pk": 32, "fields": {"storage_hash": "0d677af76ca5bf5575d614e04932c3a4", "name": "products/serene-pink-dry-flower-ensemble_3.webp", "modified": "2025-02-22T06:29:35.036Z"}}, {"model": "easy_thumbnails.source", "pk": 33, "fields": {"storage_hash": "0d677af76ca5bf5575d614e04932c3a4", "name": "products/serene-pink-dry-flower-ensemble_4.webp", "modified": "2025-02-22T06:29:35.510Z"}}, {"model": "easy_thumbnails.source", "pk": 34, "fields": {"storage_hash": "0d677af76ca5bf5575d614e04932c3a4", "name": "products/serene-pink-dry-flower-ensemble_5.webp", "modified": "2025-02-22T06:29:36.419Z"}}, {"model": "easy_thumbnails.source", "pk": 35, "fields": {"storage_hash": "0d677af76ca5bf5575d614e04932c3a4", "name": "products/varients/rustic-rose-charm-crochet-bouquet_1.webp", "modified": "2025-02-22T06:22:35.374Z"}}, {"model": "easy_thumbnails.source", "pk": 36, "fields": {"storage_hash": "0d677af76ca5bf5575d614e04932c3a4", "name": "products/rustic-rose-charm-crochet-bouquet_1.webp", "modified": "2025-02-22T06:22:32.644Z"}}, {"model": "easy_thumbnails.source", "pk": 37, "fields": {"storage_hash": "0d677af76ca5bf5575d614e04932c3a4", "name": "products/varients/rustic-elegance-dry-flower-ensemble_1.webp", "modified": "2025-02-22T06:34:14.824Z"}}, {"model": "easy_thumbnails.source", "pk": 38, "fields": {"storage_hash": "0d677af76ca5bf5575d614e04932c3a4", "name": "products/rustic-elegance-dry-flower-ensemble_1.webp", "modified": "2025-02-22T08:07:31.279Z"}}, {"model": "easy_thumbnails.source", "pk": 39, "fields": {"storage_hash": "0d677af76ca5bf5575d614e04932c3a4", "name": "products/rustic-elegance-dry-flower-ensemble_2.webp", "modified": "2025-02-22T08:07:31.889Z"}}, {"model": "easy_thumbnails.source", "pk": 40, "fields": {"storage_hash": "0d677af76ca5bf5575d614e04932c3a4", "name": "products/rustic-elegance-dry-flower-ensemble_3.webp", "modified": "2025-02-22T08:07:32.355Z"}}, {"model": "easy_thumbnails.source", "pk": 41, "fields": {"storage_hash": "0d677af76ca5bf5575d614e04932c3a4", "name": "products/varients/daisy-crochet-bouquet_1.webp", "modified": "2025-02-22T06:50:02.185Z"}}, {"model": "easy_thumbnails.source", "pk": 42, "fields": {"storage_hash": "0d677af76ca5bf5575d614e04932c3a4", "name": "products/daisy-crochet-bouquet_1.webp", "modified": "2025-02-22T06:52:11.285Z"}}, {"model": "easy_thumbnails.source", "pk": 43, "fields": {"storage_hash": "0d677af76ca5bf5575d614e04932c3a4", "name": "products/daisy-crochet-bouquet_3.webp", "modified": "2025-02-22T06:52:12.240Z"}}, {"model": "easy_thumbnails.source", "pk": 44, "fields": {"storage_hash": "0d677af76ca5bf5575d614e04932c3a4", "name": "products/daisy-crochet-bouquet_4.webp", "modified": "2025-02-22T06:52:12.981Z"}}, {"model": "easy_thumbnails.source", "pk": 45, "fields": {"storage_hash": "0d677af76ca5bf5575d614e04932c3a4", "name": "products/daisy-crochet-bouquet_5.webp", "modified": "2025-02-22T06:52:13.651Z"}}, {"model": "easy_thumbnails.source", "pk": 46, "fields": {"storage_hash": "0d677af76ca5bf5575d614e04932c3a4", "name": "products/varients/whispers-of-lily-grace_1.webp", "modified": "2025-02-22T06:59:02.758Z"}}, {"model": "easy_thumbnails.source", "pk": 47, "fields": {"storage_hash": "0d677af76ca5bf5575d614e04932c3a4", "name": "products/whispers-of-lily-grace_1.webp", "modified": "2025-02-22T09:51:19.017Z"}}, {"model": "easy_thumbnails.source", "pk": 48, "fields": {"storage_hash": "0d677af76ca5bf5575d614e04932c3a4", "name": "products/whispers-of-lily-grace_2.webp", "modified": "2025-02-22T09:51:20.509Z"}}, {"model": "easy_thumbnails.source", "pk": 49, "fields": {"storage_hash": "0d677af76ca5bf5575d614e04932c3a4", "name": "products/whispers-of-lily-grace_3.webp", "modified": "2025-02-22T09:51:21.932Z"}}, {"model": "easy_thumbnails.source", "pk": 50, "fields": {"storage_hash": "0d677af76ca5bf5575d614e04932c3a4", "name": "products/whispers-of-lily-grace_4.webp", "modified": "2025-02-22T09:51:22.764Z"}}, {"model": "easy_thumbnails.source", "pk": 51, "fields": {"storage_hash": "0d677af76ca5bf5575d614e04932c3a4", "name": "banners/Anniversary_Desk-15-01-2025_1.jpg", "modified": "2025-02-22T09:52:37.586Z"}}, {"model": "easy_thumbnails.source", "pk": 52, "fields": {"storage_hash": "0d677af76ca5bf5575d614e04932c3a4", "name": "banners/Anniversary_Mob-15-01-2025.webp", "modified": "2025-02-22T10:01:21.087Z"}}, {"model": "easy_thumbnails.source", "pk": 53, "fields": {"storage_hash": "0d677af76ca5bf5575d614e04932c3a4", "name": "banners/Birthday_Desk_04_02.webp", "modified": "2025-02-22T10:01:46.359Z"}}, {"model": "easy_thumbnails.source", "pk": 54, "fields": {"storage_hash": "0d677af76ca5bf5575d614e04932c3a4", "name": "banners/Birthday_Mob_04_02.jpg", "modified": "2025-02-22T10:02:15.060Z"}}, {"model": "easy_thumbnails.source", "pk": 55, "fields": {"storage_hash": "0d677af76ca5bf5575d614e04932c3a4", "name": "banners/Wedding_Desk-12-02-2025.jpg", "modified": "2025-02-22T10:03:00.232Z"}}, {"model": "easy_thumbnails.source", "pk": 56, "fields": {"storage_hash": "0d677af76ca5bf5575d614e04932c3a4", "name": "banners/Wedding_Mob-12-02-2025.jpg", "modified": "2025-02-22T10:03:21.157Z"}}, {"model": "easy_thumbnails.source", "pk": 57, "fields": {"storage_hash": "0d677af76ca5bf5575d614e04932c3a4", "name": "banners/Luxe_Anniversary_desk_04_02.jpg", "modified": "2025-02-22T10:04:08.847Z"}}, {"model": "easy_thumbnails.source", "pk": 58, "fields": {"storage_hash": "0d677af76ca5bf5575d614e04932c3a4", "name": "banners/Lux_Anniversary_Mob_04_02.jpg", "modified": "2025-02-22T10:05:21.327Z"}}, {"model": "easy_thumbnails.source", "pk": 59, "fields": {"storage_hash": "0d677af76ca5bf5575d614e04932c3a4", "name": "banners/Personalised-gifts-mob-13-02-2025.jpg", "modified": "2025-02-22T10:06:00.935Z"}}, {"model": "easy_thumbnails.source", "pk": 60, "fields": {"storage_hash": "0d677af76ca5bf5575d614e04932c3a4", "name": "banners/Personalised-gifts-Desk-13-02-2025.jpg", "modified": "2025-02-22T10:06:30.772Z"}}, {"model": "easy_thumbnails.source", "pk": 61, "fields": {"storage_hash": "0d677af76ca5bf5575d614e04932c3a4", "name": "banners/SBB-Top-Banner-27-11-24_1.webp", "modified": "2025-02-25T06:04:03.417Z"}}, {"model": "easy_thumbnails.source", "pk": 62, "fields": {"storage_hash": "0d677af76ca5bf5575d614e04932c3a4", "name": "banners/SBB_Top_Banner-08-01-2025.webp", "modified": "2025-02-25T06:04:29.383Z"}}, {"model": "easy_thumbnails.source", "pk": 63, "fields": {"storage_hash": "0d677af76ca5bf5575d614e04932c3a4", "name": "banners/Personalised-2-11-24.webp", "modified": "2025-02-25T06:05:13.343Z"}}, {"model": "easy_thumbnails.source", "pk": 64, "fields": {"storage_hash": "0d677af76ca5bf5575d614e04932c3a4", "name": "banners/Chocolates_SBB-08-01-2025.webp", "modified": "2025-02-25T06:05:30.400Z"}}, {"model": "easy_thumbnails.source", "pk": 65, "fields": {"storage_hash": "0d677af76ca5bf5575d614e04932c3a4", "name": "banners/SBB_lower_Combos-08-01-2025.webp", "modified": "2025-02-25T06:05:55.470Z"}}, {"model": "easy_thumbnails.source", "pk": 66, "fields": {"storage_hash": "0d677af76ca5bf5575d614e04932c3a4", "name": "banners/SBB_Fashionlifestyle-08-01-25.webp", "modified": "2025-02-25T06:06:16.961Z"}}, {"model": "easy_thumbnails.source", "pk": 67, "fields": {"storage_hash": "0d677af76ca5bf5575d614e04932c3a4", "name": "banners/SBB_Fashionlifestyle-08-01-25_D3rINvI.webp", "modified": "2025-02-25T06:06:17.083Z"}}, {"model": "easy_thumbnails.source", "pk": 68, "fields": {"storage_hash": "0d677af76ca5bf5575d614e04932c3a4", "name": "banners/All-Gifts-2-11-24.webp", "modified": "2025-02-25T06:06:25.450Z"}}, {"model": "easy_thumbnails.source", "pk": 69, "fields": {"storage_hash": "0d677af76ca5bf5575d614e04932c3a4", "name": "subcategories/FLowers.webp", "modified": "2025-02-25T06:14:42.298Z"}}, {"model": "easy_thumbnails.source", "pk": 70, "fields": {"storage_hash": "0d677af76ca5bf5575d614e04932c3a4", "name": "subcategories/Birthday_Web_Cakes-27-11-24.webp", "modified": "2025-02-25T06:15:52.799Z"}}, {"model": "easy_thumbnails.source", "pk": 71, "fields": {"storage_hash": "0d677af76ca5bf5575d614e04932c3a4", "name": "subcategories/Birthday_Web_Cakes-27-11-24_5XSzl57.webp", "modified": "2025-02-25T06:16:39.764Z"}}, {"model": "easy_thumbnails.source", "pk": 72, "fields": {"storage_hash": "0d677af76ca5bf5575d614e04932c3a4", "name": "subcategories/COMBOS.webp", "modified": "2025-02-25T06:17:26.973Z"}}, {"model": "easy_thumbnails.source", "pk": 73, "fields": {"storage_hash": "0d677af76ca5bf5575d614e04932c3a4", "name": "products/varients/chocolate-truffle-cream-cake-half-kg_1.webp", "modified": "2025-02-25T08:56:13.846Z"}}, {"model": "easy_thumbnails.source", "pk": 74, "fields": {"storage_hash": "0d677af76ca5bf5575d614e04932c3a4", "name": "products/chocolate-truffle-cream-cake-half-kg_1.webp", "modified": "2025-02-25T09:16:30.711Z"}}, {"model": "easy_thumbnails.source", "pk": 75, "fields": {"storage_hash": "0d677af76ca5bf5575d614e04932c3a4", "name": "products/chocolate-truffle-cream-cake-half-kg_2.jpg", "modified": "2025-02-25T09:16:31.048Z"}}, {"model": "easy_thumbnails.source", "pk": 76, "fields": {"storage_hash": "0d677af76ca5bf5575d614e04932c3a4", "name": "products/chocolate-truffle-cream-cake-half-kg_3.jpg", "modified": "2025-02-25T09:16:31.352Z"}}, {"model": "easy_thumbnails.source", "pk": 77, "fields": {"storage_hash": "0d677af76ca5bf5575d614e04932c3a4", "name": "products/chocolate-truffle-cream-cake-half-kg_4.jpg", "modified": "2025-02-25T09:16:31.662Z"}}, {"model": "easy_thumbnails.source", "pk": 78, "fields": {"storage_hash": "0d677af76ca5bf5575d614e04932c3a4", "name": "products/chocolate-truffle-cream-cake-half-kg_5.jpg", "modified": "2025-02-25T09:16:31.995Z"}}, {"model": "easy_thumbnails.source", "pk": 79, "fields": {"storage_hash": "0d677af76ca5bf5575d614e04932c3a4", "name": "subcategories/Personalised.webp", "modified": "2025-02-25T08:57:14.400Z"}}, {"model": "easy_thumbnails.source", "pk": 80, "fields": {"storage_hash": "0d677af76ca5bf5575d614e04932c3a4", "name": "products/varients/butterscotch-cake-half-kg_1.webp", "modified": "2025-02-25T09:16:19.181Z"}}, {"model": "easy_thumbnails.source", "pk": 81, "fields": {"storage_hash": "0d677af76ca5bf5575d614e04932c3a4", "name": "products/butterscotch-cake-half-kg_1.webp", "modified": "2025-02-25T09:16:40.649Z"}}, {"model": "easy_thumbnails.source", "pk": 82, "fields": {"storage_hash": "0d677af76ca5bf5575d614e04932c3a4", "name": "products/butterscotch-cake-half-kg_2.webp", "modified": "2025-02-25T09:16:40.925Z"}}, {"model": "easy_thumbnails.source", "pk": 83, "fields": {"storage_hash": "0d677af76ca5bf5575d614e04932c3a4", "name": "products/butterscotch-cake-half-kg_3.webp", "modified": "2025-02-25T09:16:41.231Z"}}, {"model": "easy_thumbnails.source", "pk": 84, "fields": {"storage_hash": "0d677af76ca5bf5575d614e04932c3a4", "name": "products/butterscotch-cake-half-kg_4.webp", "modified": "2025-02-25T09:16:41.520Z"}}, {"model": "easy_thumbnails.source", "pk": 85, "fields": {"storage_hash": "0d677af76ca5bf5575d614e04932c3a4", "name": "products/group-diverse-grads-throwing-caps-up-sky.jpg", "modified": "2025-02-25T09:16:41.792Z"}}, {"model": "easy_thumbnails.source", "pk": 86, "fields": {"storage_hash": "0d677af76ca5bf5575d614e04932c3a4", "name": "products/25264985_7031272.jpg", "modified": "2025-02-25T09:51:41.887Z"}}, {"model": "easy_thumbnails.thumbnail", "pk": 1, "fields": {"storage_hash": "d26becbf46ac48eda79c7a39a13a02dd", "name": "thumbnails/categories/Birthday_Squircle.webp.120x120_q85_crop-smart.jpg", "modified": "2025-02-21T10:30:37.161Z", "source": 1}}, {"model": "easy_thumbnails.thumbnail", "pk": 2, "fields": {"storage_hash": "d26becbf46ac48eda79c7a39a13a02dd", "name": "thumbnails/categories/anniversary_Squircle-15-01-25_b2IIx6F.webp.120x120_q85_crop-smart.jpg", "modified": "2025-02-22T03:32:10.792Z", "source": 8}}, {"model": "easy_thumbnails.thumbnail", "pk": 3, "fields": {"storage_hash": "d26becbf46ac48eda79c7a39a13a02dd", "name": "thumbnails/categories/Fashion_Squircle-20-02-2025.webp.120x120_q85_crop-smart.jpg", "modified": "2025-02-22T03:35:17.316Z", "source": 9}}, {"model": "easy_thumbnails.thumbnail", "pk": 4, "fields": {"storage_hash": "d26becbf46ac48eda79c7a39a13a02dd", "name": "thumbnails/categories/wedding_Squircle-13-02-2025.webp.120x120_q85_crop-smart.jpg", "modified": "2025-02-22T03:37:19.646Z", "source": 10}}, {"model": "easy_thumbnails.thumbnail", "pk": 5, "fields": {"storage_hash": "d26becbf46ac48eda79c7a39a13a02dd", "name": "thumbnails/categories/Flowers_Desk_11_02.webp.120x120_q85_crop-smart.jpg", "modified": "2025-02-22T03:37:19.937Z", "source": 11}}, {"model": "easy_thumbnails.thumbnail", "pk": 6, "fields": {"storage_hash": "d26becbf46ac48eda79c7a39a13a02dd", "name": "thumbnails/categories/Cakes-desk-Icon-12-02-2025.webp.120x120_q85_crop-smart.jpg", "modified": "2025-02-22T03:37:20.279Z", "source": 12}}, {"model": "easy_thumbnails.thumbnail", "pk": 7, "fields": {"storage_hash": "d26becbf46ac48eda79c7a39a13a02dd", "name": "thumbnails/categories/Personalised_desk-13-02-2025.webp.120x120_q85_crop-smart.jpg", "modified": "2025-02-22T03:37:20.595Z", "source": 13}}, {"model": "easy_thumbnails.thumbnail", "pk": 8, "fields": {"storage_hash": "d26becbf46ac48eda79c7a39a13a02dd", "name": "thumbnails/products/varients/graceful-dry-flower-medley_1.webp.220x220_q85_crop-smart.jpg", "modified": "2025-02-22T05:19:10.679Z", "source": 14}}, {"model": "easy_thumbnails.thumbnail", "pk": 9, "fields": {"storage_hash": "d26becbf46ac48eda79c7a39a13a02dd", "name": "thumbnails/products/graceful-dry-flower-medley_1.webp.800x600_q85_crop-smart.jpg", "modified": "2025-02-22T05:19:25.028Z", "source": 15}}, {"model": "easy_thumbnails.thumbnail", "pk": 10, "fields": {"storage_hash": "d26becbf46ac48eda79c7a39a13a02dd", "name": "thumbnails/products/graceful-dry-flower-medley_2.webp.800x600_q85_crop-smart.jpg", "modified": "2025-02-22T05:31:37.641Z", "source": 16}}, {"model": "easy_thumbnails.thumbnail", "pk": 11, "fields": {"storage_hash": "d26becbf46ac48eda79c7a39a13a02dd", "name": "thumbnails/products/graceful-dry-flower-medley_3.webp.800x600_q85_crop-smart.jpg", "modified": "2025-02-22T05:31:37.958Z", "source": 17}}, {"model": "easy_thumbnails.thumbnail", "pk": 12, "fields": {"storage_hash": "d26becbf46ac48eda79c7a39a13a02dd", "name": "thumbnails/products/graceful-dry-flower-medley_4.webp.800x600_q85_crop-smart.jpg", "modified": "2025-02-22T05:31:38.283Z", "source": 18}}, {"model": "easy_thumbnails.thumbnail", "pk": 13, "fields": {"storage_hash": "d26becbf46ac48eda79c7a39a13a02dd", "name": "thumbnails/products/varients/crochet-tulip-charm_1.webp.220x220_q85_crop-smart.jpg", "modified": "2025-02-22T05:39:37.070Z", "source": 19}}, {"model": "easy_thumbnails.thumbnail", "pk": 14, "fields": {"storage_hash": "d26becbf46ac48eda79c7a39a13a02dd", "name": "thumbnails/products/varients/timeless-grace-floral-arrangement_1.webp.220x220_q85_crop-smart.jpg", "modified": "2025-02-22T06:03:19.233Z", "source": 24}}, {"model": "easy_thumbnails.thumbnail", "pk": 15, "fields": {"storage_hash": "d26becbf46ac48eda79c7a39a13a02dd", "name": "thumbnails/products/varients/serene-pink-dry-flower-ensemble_1.webp.220x220_q85_crop-smart.jpg", "modified": "2025-02-22T06:12:30.549Z", "source": 29}}, {"model": "easy_thumbnails.thumbnail", "pk": 16, "fields": {"storage_hash": "d26becbf46ac48eda79c7a39a13a02dd", "name": "thumbnails/products/varients/rustic-rose-charm-crochet-bouquet_1.webp.220x220_q85_crop-smart.jpg", "modified": "2025-02-22T06:22:35.458Z", "source": 35}}, {"model": "easy_thumbnails.thumbnail", "pk": 17, "fields": {"storage_hash": "d26becbf46ac48eda79c7a39a13a02dd", "name": "thumbnails/products/serene-pink-dry-flower-ensemble_1.webp.800x600_q85_crop-smart.jpg", "modified": "2025-02-22T06:29:34.278Z", "source": 30}}, {"model": "easy_thumbnails.thumbnail", "pk": 18, "fields": {"storage_hash": "d26becbf46ac48eda79c7a39a13a02dd", "name": "thumbnails/products/serene-pink-dry-flower-ensemble_2.webp.800x600_q85_crop-smart.jpg", "modified": "2025-02-22T06:29:34.672Z", "source": 31}}, {"model": "easy_thumbnails.thumbnail", "pk": 19, "fields": {"storage_hash": "d26becbf46ac48eda79c7a39a13a02dd", "name": "thumbnails/products/serene-pink-dry-flower-ensemble_3.webp.800x600_q85_crop-smart.jpg", "modified": "2025-02-22T06:29:35.111Z", "source": 32}}, {"model": "easy_thumbnails.thumbnail", "pk": 20, "fields": {"storage_hash": "d26becbf46ac48eda79c7a39a13a02dd", "name": "thumbnails/products/serene-pink-dry-flower-ensemble_4.webp.800x600_q85_crop-smart.jpg", "modified": "2025-02-22T06:29:35.792Z", "source": 33}}, {"model": "easy_thumbnails.thumbnail", "pk": 21, "fields": {"storage_hash": "d26becbf46ac48eda79c7a39a13a02dd", "name": "thumbnails/products/serene-pink-dry-flower-ensemble_5.webp.800x600_q85_crop-smart.jpg", "modified": "2025-02-22T06:29:36.703Z", "source": 34}}, {"model": "easy_thumbnails.thumbnail", "pk": 22, "fields": {"storage_hash": "d26becbf46ac48eda79c7a39a13a02dd", "name": "thumbnails/products/varients/rustic-elegance-dry-flower-ensemble_1.webp.220x220_q85_crop-smart.jpg", "modified": "2025-02-22T06:34:14.993Z", "source": 37}}, {"model": "easy_thumbnails.thumbnail", "pk": 23, "fields": {"storage_hash": "d26becbf46ac48eda79c7a39a13a02dd", "name": "thumbnails/products/varients/daisy-crochet-bouquet_1.webp.220x220_q85_crop-smart.jpg", "modified": "2025-02-22T06:50:02.294Z", "source": 41}}, {"model": "easy_thumbnails.thumbnail", "pk": 24, "fields": {"storage_hash": "d26becbf46ac48eda79c7a39a13a02dd", "name": "thumbnails/products/daisy-crochet-bouquet_1.webp.800x600_q85_crop-smart.jpg", "modified": "2025-02-22T06:52:11.701Z", "source": 42}}, {"model": "easy_thumbnails.thumbnail", "pk": 25, "fields": {"storage_hash": "d26becbf46ac48eda79c7a39a13a02dd", "name": "thumbnails/products/daisy-crochet-bouquet_3.webp.800x600_q85_crop-smart.jpg", "modified": "2025-02-22T06:52:12.584Z", "source": 43}}, {"model": "easy_thumbnails.thumbnail", "pk": 26, "fields": {"storage_hash": "d26becbf46ac48eda79c7a39a13a02dd", "name": "thumbnails/products/daisy-crochet-bouquet_4.webp.800x600_q85_crop-smart.jpg", "modified": "2025-02-22T06:52:13.293Z", "source": 44}}, {"model": "easy_thumbnails.thumbnail", "pk": 27, "fields": {"storage_hash": "d26becbf46ac48eda79c7a39a13a02dd", "name": "thumbnails/products/daisy-crochet-bouquet_5.webp.800x600_q85_crop-smart.jpg", "modified": "2025-02-22T06:52:13.909Z", "source": 45}}, {"model": "easy_thumbnails.thumbnail", "pk": 28, "fields": {"storage_hash": "d26becbf46ac48eda79c7a39a13a02dd", "name": "thumbnails/products/varients/whispers-of-lily-grace_1.webp.220x220_q85_crop-smart.jpg", "modified": "2025-02-22T06:59:02.841Z", "source": 46}}, {"model": "easy_thumbnails.thumbnail", "pk": 29, "fields": {"storage_hash": "d26becbf46ac48eda79c7a39a13a02dd", "name": "thumbnails/products/rustic-elegance-dry-flower-ensemble_1.webp.800x600_q85_crop-smart.jpg", "modified": "2025-02-22T08:07:31.460Z", "source": 38}}, {"model": "easy_thumbnails.thumbnail", "pk": 30, "fields": {"storage_hash": "d26becbf46ac48eda79c7a39a13a02dd", "name": "thumbnails/products/rustic-elegance-dry-flower-ensemble_2.webp.800x600_q85_crop-smart.jpg", "modified": "2025-02-22T08:07:32.086Z", "source": 39}}, {"model": "easy_thumbnails.thumbnail", "pk": 31, "fields": {"storage_hash": "d26becbf46ac48eda79c7a39a13a02dd", "name": "thumbnails/products/rustic-elegance-dry-flower-ensemble_3.webp.800x600_q85_crop-smart.jpg", "modified": "2025-02-22T08:07:32.470Z", "source": 40}}, {"model": "easy_thumbnails.thumbnail", "pk": 32, "fields": {"storage_hash": "d26becbf46ac48eda79c7a39a13a02dd", "name": "thumbnails/products/whispers-of-lily-grace_1.webp.800x600_q85_crop-smart.jpg", "modified": "2025-02-22T09:51:19.329Z", "source": 47}}, {"model": "easy_thumbnails.thumbnail", "pk": 33, "fields": {"storage_hash": "d26becbf46ac48eda79c7a39a13a02dd", "name": "thumbnails/products/whispers-of-lily-grace_2.webp.800x600_q85_crop-smart.jpg", "modified": "2025-02-22T09:51:20.748Z", "source": 48}}, {"model": "easy_thumbnails.thumbnail", "pk": 34, "fields": {"storage_hash": "d26becbf46ac48eda79c7a39a13a02dd", "name": "thumbnails/products/whispers-of-lily-grace_3.webp.800x600_q85_crop-smart.jpg", "modified": "2025-02-22T09:51:22.431Z", "source": 49}}, {"model": "easy_thumbnails.thumbnail", "pk": 35, "fields": {"storage_hash": "d26becbf46ac48eda79c7a39a13a02dd", "name": "thumbnails/products/whispers-of-lily-grace_4.webp.800x600_q85_crop-smart.jpg", "modified": "2025-02-22T09:51:22.956Z", "source": 50}}, {"model": "easy_thumbnails.thumbnail", "pk": 36, "fields": {"storage_hash": "d26becbf46ac48eda79c7a39a13a02dd", "name": "thumbnails/products/varients/chocolate-truffle-cream-cake-half-kg_1.webp.220x220_q85_crop-smart.jpg", "modified": "2025-02-25T08:56:13.964Z", "source": 73}}, {"model": "easy_thumbnails.thumbnail", "pk": 37, "fields": {"storage_hash": "d26becbf46ac48eda79c7a39a13a02dd", "name": "thumbnails/products/varients/butterscotch-cake-half-kg_1.webp.220x220_q85_crop-smart.jpg", "modified": "2025-02-25T09:16:19.289Z", "source": 80}}, {"model": "easy_thumbnails.thumbnail", "pk": 38, "fields": {"storage_hash": "d26becbf46ac48eda79c7a39a13a02dd", "name": "thumbnails/products/chocolate-truffle-cream-cake-half-kg_1.webp.800x600_q85_crop-smart.jpg", "modified": "2025-02-25T09:16:30.797Z", "source": 74}}, {"model": "easy_thumbnails.thumbnail", "pk": 39, "fields": {"storage_hash": "d26becbf46ac48eda79c7a39a13a02dd", "name": "thumbnails/products/chocolate-truffle-cream-cake-half-kg_2.jpg.800x600_q85_crop-smart.jpg", "modified": "2025-02-25T09:16:31.122Z", "source": 75}}, {"model": "easy_thumbnails.thumbnail", "pk": 40, "fields": {"storage_hash": "d26becbf46ac48eda79c7a39a13a02dd", "name": "thumbnails/products/chocolate-truffle-cream-cake-half-kg_3.jpg.800x600_q85_crop-smart.jpg", "modified": "2025-02-25T09:16:31.453Z", "source": 76}}, {"model": "easy_thumbnails.thumbnail", "pk": 41, "fields": {"storage_hash": "d26becbf46ac48eda79c7a39a13a02dd", "name": "thumbnails/products/chocolate-truffle-cream-cake-half-kg_4.jpg.800x600_q85_crop-smart.jpg", "modified": "2025-02-25T09:16:31.747Z", "source": 77}}, {"model": "easy_thumbnails.thumbnail", "pk": 42, "fields": {"storage_hash": "d26becbf46ac48eda79c7a39a13a02dd", "name": "thumbnails/products/chocolate-truffle-cream-cake-half-kg_5.jpg.800x600_q85_crop-smart.jpg", "modified": "2025-02-25T09:16:32.072Z", "source": 78}}, {"model": "easy_thumbnails.thumbnail", "pk": 43, "fields": {"storage_hash": "d26becbf46ac48eda79c7a39a13a02dd", "name": "thumbnails/products/butterscotch-cake-half-kg_1.webp.800x600_q85_crop-smart.jpg", "modified": "2025-02-25T09:16:40.744Z", "source": 81}}, {"model": "easy_thumbnails.thumbnail", "pk": 44, "fields": {"storage_hash": "d26becbf46ac48eda79c7a39a13a02dd", "name": "thumbnails/products/butterscotch-cake-half-kg_2.webp.800x600_q85_crop-smart.jpg", "modified": "2025-02-25T09:16:41.061Z", "source": 82}}, {"model": "easy_thumbnails.thumbnail", "pk": 45, "fields": {"storage_hash": "d26becbf46ac48eda79c7a39a13a02dd", "name": "thumbnails/products/butterscotch-cake-half-kg_3.webp.800x600_q85_crop-smart.jpg", "modified": "2025-02-25T09:16:41.333Z", "source": 83}}, {"model": "easy_thumbnails.thumbnail", "pk": 46, "fields": {"storage_hash": "d26becbf46ac48eda79c7a39a13a02dd", "name": "thumbnails/products/butterscotch-cake-half-kg_4.webp.800x600_q85_crop-smart.jpg", "modified": "2025-02-25T09:16:41.622Z", "source": 84}}, {"model": "easy_thumbnails.thumbnail", "pk": 47, "fields": {"storage_hash": "d26becbf46ac48eda79c7a39a13a02dd", "name": "thumbnails/products/group-diverse-grads-throwing-caps-up-sky.jpg.800x600_q85_crop-smart.jpg", "modified": "2025-02-25T09:16:41.869Z", "source": 85}}, {"model": "easy_thumbnails.thumbnail", "pk": 48, "fields": {"storage_hash": "d26becbf46ac48eda79c7a39a13a02dd", "name": "thumbnails/products/25264985_7031272.jpg.800x600_q85_crop-smart.jpg", "modified": "2025-02-25T09:51:42.062Z", "source": 86}}, {"model": "admin_interface.theme", "pk": 1, "fields": {"name": "Django", "active": true, "title": "Django administration", "title_color": "#F5DD5D", "title_visible": true, "logo": "", "logo_color": "#FFFFFF", "logo_max_width": 400, "logo_max_height": 100, "logo_visible": true, "favicon": "", "env_name": "", "env_color": "#E74C3C", "env_visible_in_header": true, "env_visible_in_favicon": true, "language_chooser_active": true, "language_chooser_control": "default-select", "language_chooser_display": "code", "css_header_background_color": "#0C4B33", "css_header_text_color": "#44B78B", "css_header_link_color": "#FFFFFF", "css_header_link_hover_color": "#C9F0DD", "css_module_background_color": "#44B78B", "css_module_background_selected_color": "#FFFFCC", "css_module_text_color": "#FFFFFF", "css_module_link_color": "#FFFFFF", "css_module_link_selected_color": "#FFFFFF", "css_module_link_hover_color": "#C9F0DD", "css_module_rounded_corners": true, "css_generic_link_color": "#0C3C26", "css_generic_link_hover_color": "#156641", "css_generic_link_active_color": "#29B864", "css_save_button_background_color": "#0C4B33", "css_save_button_background_hover_color": "#0C3C26", "css_save_button_text_color": "#FFFFFF", "css_delete_button_background_color": "#BA2121", "css_delete_button_background_hover_color": "#A41515", "css_delete_button_text_color": "#FFFFFF", "related_modal_active": true, "related_modal_background_color": "#000000", "related_modal_background_opacity": "0.3", "related_modal_rounded_corners": true, "related_modal_close_button_visible": true, "list_filter_highlight": true, "list_filter_dropdown": true, "list_filter_sticky": true, "list_filter_removal_links": false, "foldable_apps": true, "show_fieldsets_as_tabs": false, "show_inlines_as_tabs": false, "collapsible_stacked_inlines": false, "collapsible_stacked_inlines_collapsed": true, "collapsible_tabular_inlines": false, "collapsible_tabular_inlines_collapsed": true, "recent_actions_visible": true, "form_submit_sticky": false, "form_pagination_sticky": false}}, {"model": "auth.user", "pk": 1, "fields": {"password": "pbkdf2_sha256$720000$Is04ZyXysgZXxC0tffcM8E$bkH5LzMBzmj62QRAkKDyZPBovXm8IZB6kDnc7BEigu8=", "last_login": "2025-02-22T09:51:41.316Z", "is_superuser": true, "username": "admin", "first_name": "", "last_name": "", "email": "", "is_staff": true, "is_active": true, "date_joined": "2025-02-21T09:05:31.530Z", "groups": [], "user_permissions": []}}, {"model": "sessions.session", "pk": "cuygmerim1bexvdqm5odin9mrw5q3rga", "fields": {"session_data": ".eJyFzE0KgzAQBeC7zFpCYkw0LrvvGWTyV9NKbDUuinj3RpCCdNHNMMz75q1gcErQrsD28VowppDe0LICZjcMId665xSMgxZqpQilsBUgzrb8teJr5d9eddiMO1xS3y2zm7pgc8TgdNNoHi7ugb1jvI3EjDFNQZOdkCOdyXW0brgc9lTQ49znb9p4q7zjJfMaa2tKoxsqauobyZintpK61NRzriplhFc1asnzKrlAmf9g-wCEwmPG:1tlkY8:7zuxEJrNSdziXgv3qEOu-iAbdq_a_C4UInZRdieUJy8", "expire_date": "2025-03-08T08:07:48.978Z"}}, {"model": "sessions.session", "pk": "guzbgfld2aij6szk2mn9oi0p61u0sf7s", "fields": {"session_data": "eyJjYXJ0Ijp7fX0:1tmspL:EyvuKuo31I35QFaKmFmIZOJMCdC-nG-9ii9ztNdq-yw", "expire_date": "2025-03-11T11:10:15.987Z"}}, {"model": "sessions.session", "pk": "l5ao7x688alridjxuzn5h9tcoueo8wjm", "fields": {"session_data": ".eJxVjE0OgyAUhO_y1oaAKIrL7nsG8vhTWoOt4KIx3r2YuHEzmcw3MzsYXDMMO4hTvhvGHPIPBlZBcvMc4qg-azAOBpBSEkrhOCpQuOVJbcmtKtiCGNwyjebt4gnsC-O4ELPEvAZNzgq5aCLPxbr5cXVvBxOmqaxp7630jtfMa-ysqY3uadtR3wvGPLWN0LWmnnPZSNN62aEWvFjBWxRlB8cf7IJItw:1tmqJT:IvYg7_YjrdIQoZ6lBvhU_C3vZngPc7QAzlcSgiKtuH4", "expire_date": "2025-03-11T08:29:11.893Z"}}, {"model": "sessions.session", "pk": "l89ccymw1xm2tnwi5w792w0d660mj7bt", "fields": {"session_data": ".eJyFzzsOgzAMANC7eEZRQiAhjN17BuT8SloUWghDhbh7g0QH1KGLZdnPtryCwSlBu4Lcw2vBmEJ6Q1sWMLthCPHWPadgHLTAVKUIpbAVwM6Y_WKpvlb8teqwGXe4pL5bZjd1we434VTTaB4u7g17x3gbiRljmoImOyFHdybX0brhctjTgh7nPk_TxlvlHS-Z1yitKY1uaC2pbwRjntpK6FJTz3l-2dReSdSC51TwGkWeg-0DyMJj-A:1tmotM:D8vuFlhdQc3IkOr_qAEBaMv63NzChCkjA77WxXTYqV8", "expire_date": "2025-03-11T06:58:08.499Z"}}, {"model": "sessions.session", "pk": "n8rlw2hnc8zr6d2zkhs09lvxyy0aasb5", "fields": {"session_data": ".eJxVjDsOgzAQRO-ydWTZGP8o0-cMaNf2BpIIJAwV4u4xEg3daOa92SHiskK3Hw_ocVuHfit56ccEHSi4dYTxm6dzSB-c3rOI87QuI4kTEddaxGtO-fe82NvBgGWotvScAmfdKCZ0KTaRvDROsrdKsUytpYYkax3aEA0Hh2R1jVYbtNWD4w856DtW:1tlP0f:8l6nzPJ6C4WJxyOFZiRydXa4pydVAq85soxahyfvvnc", "expire_date": "2025-03-07T09:07:49.138Z"}}, {"model": "web.banner", "pk": 1, "fields": {"created": "2025-02-22T09:52:37.556Z", "updated": "2025-02-22T09:52:37.556Z", "creator": 1, "is_active": true, "position": "main", "banner_image": "banners/Anniversary_Desk-15-01-2025_1.jpg", "category": 2}}, {"model": "web.banner", "pk": 2, "fields": {"created": "2025-02-22T10:01:21.085Z", "updated": "2025-02-22T10:01:21.085Z", "creator": 1, "is_active": true, "position": "main_mobile", "banner_image": "banners/Anniversary_Mob-15-01-2025.webp", "category": 2}}, {"model": "web.banner", "pk": 3, "fields": {"created": "2025-02-22T10:01:46.358Z", "updated": "2025-02-22T10:01:46.358Z", "creator": 1, "is_active": true, "position": "main", "banner_image": "banners/Birthday_Desk_04_02.webp", "category": 1}}, {"model": "web.banner", "pk": 4, "fields": {"created": "2025-02-22T10:02:15.059Z", "updated": "2025-02-22T10:02:15.059Z", "creator": 1, "is_active": true, "position": "main_mobile", "banner_image": "banners/Birthday_Mob_04_02.jpg", "category": 1}}, {"model": "web.banner", "pk": 5, "fields": {"created": "2025-02-22T10:03:00.197Z", "updated": "2025-02-22T10:03:00.197Z", "creator": 1, "is_active": true, "position": "main", "banner_image": "banners/Wedding_Desk-12-02-2025.jpg", "category": 4}}, {"model": "web.banner", "pk": 6, "fields": {"created": "2025-02-22T10:03:21.156Z", "updated": "2025-02-22T10:03:21.156Z", "creator": 1, "is_active": true, "position": "main_mobile", "banner_image": "banners/Wedding_Mob-12-02-2025.jpg", "category": 4}}, {"model": "web.banner", "pk": 7, "fields": {"created": "2025-02-22T10:04:08.846Z", "updated": "2025-02-22T10:04:08.846Z", "creator": 1, "is_active": true, "position": "main", "banner_image": "banners/Luxe_Anniversary_desk_04_02.jpg", "category": 2}}, {"model": "web.banner", "pk": 8, "fields": {"created": "2025-02-22T10:05:21.326Z", "updated": "2025-02-22T10:07:06.307Z", "creator": 1, "is_active": true, "position": "main_mobile", "banner_image": "banners/Lux_Anniversary_Mob_04_02.jpg", "category": 7}}, {"model": "web.banner", "pk": 9, "fields": {"created": "2025-02-22T10:06:00.934Z", "updated": "2025-02-22T10:06:00.935Z", "creator": 1, "is_active": true, "position": "main_mobile", "banner_image": "banners/Personalised-gifts-mob-13-02-2025.jpg", "category": 7}}, {"model": "web.banner", "pk": 10, "fields": {"created": "2025-02-22T10:06:30.770Z", "updated": "2025-02-22T10:06:30.770Z", "creator": 1, "is_active": true, "position": "main", "banner_image": "banners/Personalised-gifts-Desk-13-02-2025.jpg", "category": 7}}, {"model": "web.banner", "pk": 11, "fields": {"created": "2025-02-25T06:04:03.415Z", "updated": "2025-02-25T06:04:03.415Z", "creator": 1, "is_active": true, "position": "curated_gifts", "banner_image": "banners/SBB-Top-Banner-27-11-24_1.webp", "category": 1}}, {"model": "web.banner", "pk": 12, "fields": {"created": "2025-02-25T06:04:29.382Z", "updated": "2025-02-25T06:04:29.382Z", "creator": 1, "is_active": true, "position": "curated_gifts", "banner_image": "banners/SBB_Top_Banner-08-01-2025.webp", "category": 1}}, {"model": "web.banner", "pk": 13, "fields": {"created": "2025-02-25T06:05:13.342Z", "updated": "2025-02-25T06:05:13.342Z", "creator": 1, "is_active": true, "position": "curated_gifts", "banner_image": "banners/Personalised-2-11-24.webp", "category": 1}}, {"model": "web.banner", "pk": 14, "fields": {"created": "2025-02-25T06:05:30.399Z", "updated": "2025-02-25T06:05:30.399Z", "creator": 1, "is_active": true, "position": "curated_gifts", "banner_image": "banners/Chocolates_SBB-08-01-2025.webp", "category": 1}}, {"model": "web.banner", "pk": 15, "fields": {"created": "2025-02-25T06:05:55.469Z", "updated": "2025-02-25T06:05:55.469Z", "creator": 1, "is_active": true, "position": "curated_gifts", "banner_image": "banners/SBB_lower_Combos-08-01-2025.webp", "category": 1}}, {"model": "web.banner", "pk": 16, "fields": {"created": "2025-02-25T06:06:16.960Z", "updated": "2025-02-25T06:06:16.960Z", "creator": 1, "is_active": true, "position": "curated_gifts", "banner_image": "banners/SBB_Fashionlifestyle-08-01-25.webp", "category": 1}}, {"model": "products.category", "pk": 1, "fields": {"created": "2025-02-21T10:29:32.085Z", "updated": "2025-02-21T10:29:32.085Z", "creator": 1, "is_active": true, "name": "Birthday", "slug": "birthday", "image": "categories/Birthday_Squircle.webp", "order": 1}}, {"model": "products.category", "pk": 2, "fields": {"created": "2025-02-21T10:35:53.239Z", "updated": "2025-02-21T10:35:53.239Z", "creator": 1, "is_active": true, "name": "Anniversary", "slug": "anniversary", "image": "categories/anniversary_Squircle-15-01-25_b2IIx6F.webp", "order": 2}}, {"model": "products.category", "pk": 3, "fields": {"created": "2025-02-22T03:34:49.416Z", "updated": "2025-02-22T03:34:49.417Z", "creator": 1, "is_active": true, "name": "Fashion Gifts", "slug": "fashion-gifts", "image": "categories/Fashion_Squircle-20-02-2025.webp", "order": 3}}, {"model": "products.category", "pk": 4, "fields": {"created": "2025-02-22T03:35:22.768Z", "updated": "2025-02-22T03:35:22.768Z", "creator": 1, "is_active": true, "name": "Wedding", "slug": "wedding", "image": "categories/wedding_Squircle-13-02-2025.webp", "order": 4}}, {"model": "products.category", "pk": 5, "fields": {"created": "2025-02-22T03:35:48.913Z", "updated": "2025-02-22T03:35:48.914Z", "creator": 1, "is_active": true, "name": "Flowers", "slug": "flowers", "image": "categories/Flowers_Desk_11_02.webp", "order": 5}}, {"model": "products.category", "pk": 6, "fields": {"created": "2025-02-22T03:36:25.719Z", "updated": "2025-02-22T03:36:25.719Z", "creator": 1, "is_active": true, "name": "Cakes", "slug": "cakes", "image": "categories/Cakes-desk-Icon-12-02-2025.webp", "order": 6}}, {"model": "products.category", "pk": 7, "fields": {"created": "2025-02-22T03:37:14.986Z", "updated": "2025-02-22T03:37:14.986Z", "creator": 1, "is_active": true, "name": "Personalised Gifts", "slug": "personalised-gifts", "image": "categories/Personalised_desk-13-02-2025.webp", "order": 8}}, {"model": "products.subcategory", "pk": 1, "fields": {"created": "2025-02-21T10:29:49.291Z", "updated": "2025-02-25T06:14:42.297Z", "creator": 1, "is_active": true, "category": 1, "name": "Flowers", "slug": "flowers", "image": "subcategories/FLowers.webp", "description": ""}}, {"model": "products.subcategory", "pk": 2, "fields": {"created": "2025-02-21T10:30:25.072Z", "updated": "2025-02-25T06:15:52.798Z", "creator": 1, "is_active": true, "category": 1, "name": "Cakes", "slug": "cakes", "image": "subcategories/Birthday_Web_Cakes-27-11-24.webp", "description": ""}}, {"model": "products.subcategory", "pk": 3, "fields": {"created": "2025-02-21T10:31:17.887Z", "updated": "2025-02-25T08:57:14.399Z", "creator": 1, "is_active": true, "category": 1, "name": "Personalised Gifts", "slug": "personalised-gifts", "image": "subcategories/Personalised.webp", "description": ""}}, {"model": "products.subcategory", "pk": 5, "fields": {"created": "2025-02-21T10:32:55.618Z", "updated": "2025-02-25T06:17:26.973Z", "creator": 1, "is_active": true, "category": 1, "name": "Combos", "slug": "combos", "image": "subcategories/COMBOS.webp", "description": ""}}, {"model": "products.subcategory", "pk": 7, "fields": {"created": "2025-02-21T10:38:15.386Z", "updated": "2025-02-21T10:38:15.386Z", "creator": 1, "is_active": true, "category": 2, "name": "Flowers", "slug": "anniversary-flowers", "image": "", "description": ""}}, {"model": "products.subcategory", "pk": 8, "fields": {"created": "2025-02-21T10:51:39.467Z", "updated": "2025-02-21T10:51:39.467Z", "creator": 1, "is_active": true, "category": 2, "name": "Cakes", "slug": "anniversary-cakes", "image": "", "description": ""}}, {"model": "products.subcategory", "pk": 9, "fields": {"created": "2025-02-21T10:52:19.024Z", "updated": "2025-02-21T10:52:19.024Z", "creator": 1, "is_active": true, "category": 2, "name": "Personalised Gifts", "slug": "anniversary-personalised-gifts", "image": "", "description": ""}}, {"model": "products.subcategory", "pk": 10, "fields": {"created": "2025-02-21T10:53:10.757Z", "updated": "2025-02-21T10:53:10.757Z", "creator": 1, "is_active": true, "category": 2, "name": "Chocolates", "slug": "anniversary-chocolates", "image": "", "description": ""}}, {"model": "products.subcategory", "pk": 11, "fields": {"created": "2025-02-21T10:53:54.177Z", "updated": "2025-02-21T10:53:54.177Z", "creator": 1, "is_active": true, "category": 2, "name": "Gift Hampers", "slug": "anniversary-gift-hampers", "image": "", "description": ""}}, {"model": "products.subcategory", "pk": 12, "fields": {"created": "2025-02-21T10:54:39.744Z", "updated": "2025-02-21T10:54:39.744Z", "creator": 1, "is_active": true, "category": 2, "name": "Plants", "slug": "anniversary-plants", "image": "", "description": ""}}, {"model": "products.product", "pk": 1, "fields": {"created": "2025-02-22T04:27:39.629Z", "updated": "2025-02-22T05:31:12.626Z", "creator": 1, "is_active": true, "sub_category": 1, "product_name": "Graceful Dry Flower", "brand": null, "timestamp": "2025-02-22T04:27:39.630Z"}}, {"model": "products.product", "pk": 2, "fields": {"created": "2025-02-22T05:36:00.345Z", "updated": "2025-02-22T05:36:00.345Z", "creator": 1, "is_active": true, "sub_category": 1, "product_name": "Crochet Tulip", "brand": null, "timestamp": "2025-02-22T05:36:00.345Z"}}, {"model": "products.product", "pk": 3, "fields": {"created": "2025-02-22T05:47:58.063Z", "updated": "2025-02-22T05:47:58.063Z", "creator": null, "is_active": true, "sub_category": 1, "product_name": "Timeless Grace", "brand": null, "timestamp": "2025-02-22T05:47:58.063Z"}}, {"model": "products.product", "pk": 4, "fields": {"created": "2025-02-22T06:06:28.676Z", "updated": "2025-02-22T06:06:28.676Z", "creator": 1, "is_active": true, "sub_category": 1, "product_name": "Serene Pink Dry", "brand": null, "timestamp": "2025-02-22T06:06:28.676Z"}}, {"model": "products.product", "pk": 5, "fields": {"created": "2025-02-22T06:15:47.998Z", "updated": "2025-02-22T06:15:47.998Z", "creator": 1, "is_active": true, "sub_category": 1, "product_name": "Rustic Rose Charm", "brand": null, "timestamp": "2025-02-22T06:15:47.998Z"}}, {"model": "products.product", "pk": 6, "fields": {"created": "2025-02-22T06:26:50.355Z", "updated": "2025-02-22T06:26:50.355Z", "creator": 1, "is_active": true, "sub_category": 1, "product_name": "Rustic Elegance Dry", "brand": null, "timestamp": "2025-02-22T06:26:50.355Z"}}, {"model": "products.product", "pk": 7, "fields": {"created": "2025-02-22T06:43:23.391Z", "updated": "2025-02-22T06:43:23.391Z", "creator": 1, "is_active": true, "sub_category": 1, "product_name": "Daisy Crochet", "brand": null, "timestamp": "2025-02-22T06:43:23.391Z"}}, {"model": "products.product", "pk": 8, "fields": {"created": "2025-02-22T06:53:50.295Z", "updated": "2025-02-22T06:53:50.295Z", "creator": 1, "is_active": true, "sub_category": 1, "product_name": "Whispers of", "brand": null, "timestamp": "2025-02-22T06:53:50.295Z"}}, {"model": "products.product", "pk": 9, "fields": {"created": "2025-02-25T08:44:39.673Z", "updated": "2025-02-25T08:44:39.673Z", "creator": 1, "is_active": true, "sub_category": 2, "product_name": "Chocolate Truffle", "brand": null, "timestamp": "2025-02-25T08:44:39.673Z"}}, {"model": "products.product", "pk": 10, "fields": {"created": "2025-02-25T09:09:59.617Z", "updated": "2025-02-25T09:09:59.617Z", "creator": 1, "is_active": true, "sub_category": 2, "product_name": "Butterscotch", "brand": null, "timestamp": "2025-02-25T09:09:59.617Z"}}, {"model": "products.productvariant", "pk": 1, "fields": {"created": "2025-02-22T05:15:48.157Z", "updated": "2025-02-25T06:30:21.128Z", "creator": 1, "is_active": true, "product": 1, "varient_name": "Medley", "slug": "graceful-dry-flower-medley", "tag": null, "selling_price": "799.00", "actual_price": "889.00", "product_code": "B4B59A48", "details": "Immerse someone special in a world of floral elegance with this stunning gift arrangement Featuring graceful palm sticks delicate pink grass charming Nigella sativa blooms and two maize roses all artfully arranged in a chic black metal vase Perfect for those who appreciate beauty and sophistication this gift elevates any space with its graceful presence adding a touch of natural charm to its surroundings\r\nProduct Details\r\n\r\nPalm stick\r\nTishi grass in pink\r\nNigella sativa in pink\r\nMaize rose 2\r\nPink nonwoven paper\r\nHoused in a black metal vase\r\nNet quantity 1\r\nDimensions 14x8 inch\r\nWeight Approx 500gms\r\nCountry of origin India", "thumbnail_image": "products/varients/graceful-dry-flower-medley_1.webp", "generic_name": null, "first_available_date": "2025-02-22", "is_popular": false, "is_trend": true, "is_new_arrival": true, "is_best_seller": true, "is_offer": false, "is_stock": true, "stock": 1, "meta_title": "", "meta_description": ""}}, {"model": "products.productvariant", "pk": 2, "fields": {"created": "2025-02-22T05:39:30.838Z", "updated": "2025-02-25T06:30:38.176Z", "creator": 1, "is_active": true, "product": 2, "varient_name": "Charm", "slug": "charm", "tag": null, "selling_price": "1699.00", "actual_price": "2149.00", "product_code": "AB6BF496", "details": "This handcrafted crochet tulip bouquet is a charming and thoughtful gift perfect for someone special who appreciates timeless beauty. The vibrant red tulips wrapped in rustic brown jute and complemented by lush green fillers create a warm inviting feel. Not only are these flowers incredibly cute but their crochet material ensures they last a lifetime making this gift a lasting symbol of your affection and care. Ideal for friends family or loved ones.\r\nProduct Details:\r\n\r\nRed tulip: 6\r\nWrapped in brown jute\r\nGreen fillers\r\nTied with brown jute raffia\r\nNet quantity: 1 Set\r\nDimensions: 8x6 Inches\r\nWeight: Approx 250-450 gms\r\nCountry of origin: India", "thumbnail_image": "products/varients/crochet-tulip-charm_1.webp", "generic_name": null, "first_available_date": null, "is_popular": false, "is_trend": true, "is_new_arrival": true, "is_best_seller": true, "is_offer": false, "is_stock": true, "stock": 1, "meta_title": "", "meta_description": ""}}, {"model": "products.productvariant", "pk": 3, "fields": {"created": "2025-02-22T06:03:04.272Z", "updated": "2025-02-22T06:03:04.272Z", "creator": 1, "is_active": true, "product": 3, "varient_name": "Floral Arrangement", "slug": "floral-arrangement", "tag": null, "selling_price": "569.00", "actual_price": "639.00", "product_code": "19ECCBC8", "details": "Elevate someones space with this sophisticated gift ensemble Featuring elegant pampas grass delicate phalaris charming pink tishi grass and rustic wheat grass all presented on a sleek sheet tied with a chic white raffia knot and accentuated by a maize rose Ideal for those who appreciate modern elegance this gift brings a touch of nature indoors enhancing their surroundings with timeless beauty and sophistication\r\nProduct Details\r\n\r\nPampaas grass\r\nPhalaris\r\nTishi grass in pink\r\nWheat grass\r\nBlack nonwoven sheet 26X26 Inch\r\nWhite raffia knot\r\nMaize rose 1\r\nNet quantity 1\r\nDimensions 14x8 inch\r\nWeight Approx 500gmsCountry of origin India", "thumbnail_image": "products/varients/timeless-grace-floral-arrangement_1.webp", "generic_name": null, "first_available_date": null, "is_popular": false, "is_trend": false, "is_new_arrival": true, "is_best_seller": true, "is_offer": false, "is_stock": true, "stock": 1, "meta_title": "", "meta_description": ""}}, {"model": "products.productvariant", "pk": 4, "fields": {"created": "2025-02-22T06:11:18.439Z", "updated": "2025-02-25T06:30:32.989Z", "creator": 1, "is_active": true, "product": 4, "varient_name": "Flower Ensemble", "slug": "flower-ensemble", "tag": null, "selling_price": "569.00", "actual_price": "639.00", "product_code": "E301665D", "details": "Indulge someones senses with this enchanting gift ensemble. Featuring delicate pink phalaris, charming tishi grass, ethereal Nigella sativa blooms, and graceful pink palm sticks, all delicately wrapped in a sheet and tied with a coordinating pink raffia thread. Ideal for those who appreciate beauty in simplicity, this gift uplifts their spirits and adds a touch of elegance to their surroundings, fostering a sense of joy and serenity.\r\nProduct Details:\r\n\r\nPhalaris\r\nTishi grass in pink\r\nNigella sativa in pink\r\nPalm stick in pink\r\nPink non-woven paper\r\nPink raffia thread\r\nNet quantity: 1\r\nDimensions: 12x5 inch\r\nWeight: Approx 50-100 gms\r\nCountry of origin: India", "thumbnail_image": "products/varients/serene-pink-dry-flower-ensemble_1.webp", "generic_name": null, "first_available_date": null, "is_popular": false, "is_trend": true, "is_new_arrival": true, "is_best_seller": true, "is_offer": false, "is_stock": true, "stock": 1, "meta_title": "", "meta_description": ""}}, {"model": "products.productvariant", "pk": 5, "fields": {"created": "2025-02-22T06:22:32.579Z", "updated": "2025-02-22T06:22:32.579Z", "creator": 1, "is_active": true, "product": 5, "varient_name": "Crochet Bouquet", "slug": "crochet-bouquet", "tag": null, "selling_price": "599.00", "actual_price": "669.00", "product_code": "7EDEB10A", "details": "This charming bouquet of red roses wrapped in rustic brown jute is a timeless expression of love and affection. Crafted from durable crochet material these flowers retain their beauty offering a lasting symbol of your care. The green fillers enhance the natural elegance making it the perfect gift for someone specialwhether for a romantic gesture a thoughtful surprise or simply to brighten their day with a gift that lasts forever.\r\nProduct Details:\r\n\r\nRed rose: 2\r\nWrapped in brown jute\r\nGreen fillers\r\nTied with brown jute raffia\r\nNet quantity: 1 Set\r\nDimensions: 8x6 Inches\r\nWeight: Approx 250-450 gms\r\nCountry of origin: India\r\nCountry of origin: India", "thumbnail_image": "products/varients/rustic-rose-charm-crochet-bouquet_1.webp", "generic_name": null, "first_available_date": null, "is_popular": false, "is_trend": false, "is_new_arrival": true, "is_best_seller": true, "is_offer": false, "is_stock": true, "stock": 1, "meta_title": "", "meta_description": ""}}, {"model": "products.productvariant", "pk": 6, "fields": {"created": "2025-02-22T06:34:10.343Z", "updated": "2025-02-25T06:30:26.812Z", "creator": 1, "is_active": true, "product": 6, "varient_name": "Flower Ensemble", "slug": "rustic-flower-ensemble", "tag": null, "selling_price": "999.00", "actual_price": "1109.00", "product_code": "5077D06F", "details": "Elevate any space with this exquisite gift ensemble Featuring delicate pampas grass charming flowers and rustic jute fabric all beautifully arranged in a beige round basket tied with FNP golden satin ribbon Perfect for nature lovers or those seeking tranquil decor This gift brings a touch of serenity and natural beauty enhancing any room with its calming presence", "thumbnail_image": "products/varients/rustic-elegance-dry-flower-ensemble_1.webp", "generic_name": null, "first_available_date": null, "is_popular": false, "is_trend": true, "is_new_arrival": true, "is_best_seller": true, "is_offer": false, "is_stock": true, "stock": 1, "meta_title": "", "meta_description": ""}}, {"model": "products.productvariant", "pk": 7, "fields": {"created": "2025-02-22T06:49:59.422Z", "updated": "2025-02-22T06:49:59.422Z", "creator": 1, "is_active": true, "product": 7, "varient_name": "Bouquet", "slug": "daisy-bouquet", "tag": null, "selling_price": "1949.00", "actual_price": "2399.00", "product_code": "1CCCB904", "details": "This enchanting bouquet of crochet white daisies wrapped in rustic brown jute brings timeless beauty to any occasion. With its delicate design and vibrant green fillers this gift captures the essence of love and thoughtfulness. Perfect for someone special its not just a giftits a lasting token of affection. The handmade flowers are adorable and longlasting ensuring that your sentiment endures long after the occasion has passed.", "thumbnail_image": "products/varients/daisy-crochet-bouquet_1.webp", "generic_name": null, "first_available_date": null, "is_popular": false, "is_trend": true, "is_new_arrival": true, "is_best_seller": true, "is_offer": false, "is_stock": true, "stock": 1, "meta_title": "", "meta_description": ""}}, {"model": "products.productvariant", "pk": 8, "fields": {"created": "2025-02-22T06:57:12.454Z", "updated": "2025-02-25T06:30:14.504Z", "creator": 1, "is_active": true, "product": 8, "varient_name": "Lily Grace", "slug": "lily-grace", "tag": null, "selling_price": "1849.00", "actual_price": "2299.00", "product_code": "5ED633C1", "details": "This charming bouquet of pink and yellow lilies wrapped in rustic brown jute is the perfect gift to brighten anyones day. Crafted from delicate crochet material each flower radiates a timeless beauty that will last far beyond any fresh bloom. Thoughtful and longlasting this bouquet is ideal for loved ones who cherish enduring elegance and a unique touch of handmade art. A sweet gesture for any occasion it will bring lasting joy and warmth to its recipient.", "thumbnail_image": "products/varients/whispers-of-lily-grace_1.webp", "generic_name": null, "first_available_date": "2025-02-22", "is_popular": false, "is_trend": true, "is_new_arrival": true, "is_best_seller": true, "is_offer": false, "is_stock": true, "stock": 1, "meta_title": "", "meta_description": ""}}, {"model": "products.productvariant", "pk": 9, "fields": {"created": "2025-02-25T08:56:08.347Z", "updated": "2025-02-25T08:56:08.347Z", "creator": 1, "is_active": true, "product": 9, "varient_name": "Delicious Cake Half Kg", "slug": "delicious-cake-half-kg", "tag": null, "selling_price": "599.00", "actual_price": "699.00", "product_code": "7543B71C", "details": "Cake Flavour- Truffle\r\n    Shape- Round\r\n    Weight: 500 gm\r\n    Net Quantity: 1 Cake\r\n    Diameter: 7.5 inch\r\n    Country Of Origin: India\r\n    Serves: 4-6 People\r\n\r\nIngredients:\r\n\r\n    Chocolate premix, Refined oil, Breakfast Sugar, Chocolate Truffle Base, Dark Chocolate compound, Karonda Cherry, Chocolate Glaze\r\n\r\nPlease Note:\r\n\r\n    The cake stand, cutlery accessories used in the image are only for representation purposes. They are not delivered with the cake.\r\n    This cake is hand delivered in a good quality cardboard box..", "thumbnail_image": "products/varients/chocolate-truffle-cream-cake-half-kg_1.webp", "generic_name": null, "first_available_date": "2025-02-25", "is_popular": true, "is_trend": true, "is_new_arrival": true, "is_best_seller": true, "is_offer": true, "is_stock": true, "stock": 1, "meta_title": "", "meta_description": ""}}, {"model": "products.productvariant", "pk": 10, "fields": {"created": "2025-02-25T09:15:53.608Z", "updated": "2025-02-25T09:56:29.824Z", "creator": 1, "is_active": true, "product": 10, "varient_name": "Cake Half kg", "slug": "cake-half-kg", "tag": null, "selling_price": "575.00", "actual_price": "649.00", "product_code": "65050512", "details": "Cake Flavour- Butterscotch\r\n    Type of Cake - Cream\r\n    Shape- Round\r\n    Weight: 500 gm\r\n    Net Quantity: 1 Cake\r\n    Diameter: 7.5 inch\r\n    Country Of Origin: India\r\n    Serves: 4-6 People\r\n\r\nIngredients:\r\n\r\n    Vanilla premix, Refined oil, Breakfast Sugar, Whip topping cream, Dark Chocolate compound, White Chocolate Compound, ButterScotch Crush, Caramel Filling, ButterScotch Nuts, ButterScotch Essence, Color Yellow, Color Orange\r\n\r\nPlease Note:\r\n\r\n    The cake stand, cutlery accessories used in the image are only for representation purposes. They are not delivered with the cake.\r\n    This cake is hand delivered in a good quality cardboard box..", "thumbnail_image": "products/varients/butterscotch-cake-half-kg_1.webp", "generic_name": null, "first_available_date": "2025-02-25", "is_popular": true, "is_trend": true, "is_new_arrival": true, "is_best_seller": true, "is_offer": true, "is_stock": true, "stock": 1, "meta_title": "", "meta_description": ""}}, {"model": "products.productimage", "pk": 1, "fields": {"created": "2025-02-22T05:15:48.272Z", "updated": "2025-02-22T05:15:48.272Z", "creator": null, "is_active": true, "product_varient": 1, "image": "products/graceful-dry-flower-medley_1.webp"}}, {"model": "products.productimage", "pk": 2, "fields": {"created": "2025-02-22T05:31:25.544Z", "updated": "2025-02-22T05:31:25.544Z", "creator": null, "is_active": true, "product_varient": 1, "image": "products/graceful-dry-flower-medley_2.webp"}}, {"model": "products.productimage", "pk": 3, "fields": {"created": "2025-02-22T05:31:25.549Z", "updated": "2025-02-22T05:31:25.549Z", "creator": null, "is_active": true, "product_varient": 1, "image": "products/graceful-dry-flower-medley_3.webp"}}, {"model": "products.productimage", "pk": 4, "fields": {"created": "2025-02-22T05:31:25.551Z", "updated": "2025-02-22T05:31:25.551Z", "creator": null, "is_active": true, "product_varient": 1, "image": "products/graceful-dry-flower-medley_4.webp"}}, {"model": "products.productimage", "pk": 5, "fields": {"created": "2025-02-22T05:39:30.843Z", "updated": "2025-02-22T05:39:30.843Z", "creator": null, "is_active": true, "product_varient": 2, "image": "products/crochet-tulip-charm_1.webp"}}, {"model": "products.productimage", "pk": 6, "fields": {"created": "2025-02-22T05:39:30.846Z", "updated": "2025-02-22T05:39:30.846Z", "creator": null, "is_active": true, "product_varient": 2, "image": "products/crochet-tulip-charm_2.webp"}}, {"model": "products.productimage", "pk": 7, "fields": {"created": "2025-02-22T05:39:30.848Z", "updated": "2025-02-22T05:39:30.848Z", "creator": null, "is_active": true, "product_varient": 2, "image": "products/crochet-tulip-charm_3.webp"}}, {"model": "products.productimage", "pk": 8, "fields": {"created": "2025-02-22T05:39:30.850Z", "updated": "2025-02-22T05:39:30.850Z", "creator": null, "is_active": true, "product_varient": 2, "image": "products/crochet-tulip-charm_4.jpg"}}, {"model": "products.productimage", "pk": 9, "fields": {"created": "2025-02-22T06:03:04.303Z", "updated": "2025-02-22T06:03:04.303Z", "creator": null, "is_active": true, "product_varient": 3, "image": "products/timeless-grace-floral-arrangement_1.webp"}}, {"model": "products.productimage", "pk": 10, "fields": {"created": "2025-02-22T06:03:04.308Z", "updated": "2025-02-22T06:03:04.308Z", "creator": null, "is_active": true, "product_varient": 3, "image": "products/timeless-grace-floral-arrangement_2.webp"}}, {"model": "products.productimage", "pk": 11, "fields": {"created": "2025-02-22T06:03:04.314Z", "updated": "2025-02-22T06:03:04.314Z", "creator": null, "is_active": true, "product_varient": 3, "image": "products/timeless-grace-floral-arrangement_3.jpg"}}, {"model": "products.productimage", "pk": 12, "fields": {"created": "2025-02-22T06:03:04.318Z", "updated": "2025-02-22T06:03:04.318Z", "creator": null, "is_active": true, "product_varient": 3, "image": "products/timeless-grace-floral-arrangement_4.webp"}}, {"model": "products.productimage", "pk": 13, "fields": {"created": "2025-02-22T06:11:18.444Z", "updated": "2025-02-22T06:11:18.444Z", "creator": null, "is_active": true, "product_varient": 4, "image": "products/serene-pink-dry-flower-ensemble_1.webp"}}, {"model": "products.productimage", "pk": 14, "fields": {"created": "2025-02-22T06:11:18.447Z", "updated": "2025-02-22T06:11:18.447Z", "creator": null, "is_active": true, "product_varient": 4, "image": "products/serene-pink-dry-flower-ensemble_2.webp"}}, {"model": "products.productimage", "pk": 15, "fields": {"created": "2025-02-22T06:11:18.451Z", "updated": "2025-02-22T06:11:18.451Z", "creator": null, "is_active": true, "product_varient": 4, "image": "products/serene-pink-dry-flower-ensemble_3.webp"}}, {"model": "products.productimage", "pk": 16, "fields": {"created": "2025-02-22T06:11:18.454Z", "updated": "2025-02-22T06:11:18.454Z", "creator": null, "is_active": true, "product_varient": 4, "image": "products/serene-pink-dry-flower-ensemble_4.webp"}}, {"model": "products.productimage", "pk": 17, "fields": {"created": "2025-02-22T06:11:18.457Z", "updated": "2025-02-22T06:11:18.457Z", "creator": null, "is_active": true, "product_varient": 4, "image": "products/serene-pink-dry-flower-ensemble_5.webp"}}, {"model": "products.productimage", "pk": 18, "fields": {"created": "2025-02-22T06:22:32.643Z", "updated": "2025-02-22T06:22:32.643Z", "creator": null, "is_active": true, "product_varient": 5, "image": "products/rustic-rose-charm-crochet-bouquet_1.webp"}}, {"model": "products.productimage", "pk": 19, "fields": {"created": "2025-02-22T06:34:10.531Z", "updated": "2025-02-22T06:34:10.531Z", "creator": null, "is_active": true, "product_varient": 6, "image": "products/rustic-elegance-dry-flower-ensemble_1.webp"}}, {"model": "products.productimage", "pk": 20, "fields": {"created": "2025-02-22T06:34:10.573Z", "updated": "2025-02-22T06:34:10.573Z", "creator": null, "is_active": true, "product_varient": 6, "image": "products/rustic-elegance-dry-flower-ensemble_2.webp"}}, {"model": "products.productimage", "pk": 21, "fields": {"created": "2025-02-22T06:34:10.580Z", "updated": "2025-02-22T06:34:10.580Z", "creator": null, "is_active": true, "product_varient": 6, "image": "products/rustic-elegance-dry-flower-ensemble_3.webp"}}, {"model": "products.productimage", "pk": 22, "fields": {"created": "2025-02-22T06:49:59.428Z", "updated": "2025-02-22T06:49:59.428Z", "creator": null, "is_active": true, "product_varient": 7, "image": "products/daisy-crochet-bouquet_1.webp"}}, {"model": "products.productimage", "pk": 23, "fields": {"created": "2025-02-22T06:49:59.459Z", "updated": "2025-02-22T06:49:59.459Z", "creator": null, "is_active": true, "product_varient": 7, "image": "products/daisy-crochet-bouquet_3.webp"}}, {"model": "products.productimage", "pk": 24, "fields": {"created": "2025-02-22T06:49:59.462Z", "updated": "2025-02-22T06:49:59.462Z", "creator": null, "is_active": true, "product_varient": 7, "image": "products/daisy-crochet-bouquet_4.webp"}}, {"model": "products.productimage", "pk": 25, "fields": {"created": "2025-02-22T06:49:59.465Z", "updated": "2025-02-22T06:49:59.465Z", "creator": null, "is_active": true, "product_varient": 7, "image": "products/daisy-crochet-bouquet_5.webp"}}, {"model": "products.productimage", "pk": 26, "fields": {"created": "2025-02-22T06:57:12.593Z", "updated": "2025-02-22T06:57:12.593Z", "creator": null, "is_active": true, "product_varient": 8, "image": "products/whispers-of-lily-grace_1.webp"}}, {"model": "products.productimage", "pk": 27, "fields": {"created": "2025-02-22T06:57:12.597Z", "updated": "2025-02-22T06:57:12.597Z", "creator": null, "is_active": true, "product_varient": 8, "image": "products/whispers-of-lily-grace_2.webp"}}, {"model": "products.productimage", "pk": 28, "fields": {"created": "2025-02-22T06:57:12.610Z", "updated": "2025-02-22T06:57:12.610Z", "creator": null, "is_active": true, "product_varient": 8, "image": "products/whispers-of-lily-grace_3.webp"}}, {"model": "products.productimage", "pk": 29, "fields": {"created": "2025-02-22T06:57:12.628Z", "updated": "2025-02-22T06:57:12.628Z", "creator": null, "is_active": true, "product_varient": 8, "image": "products/whispers-of-lily-grace_4.webp"}}, {"model": "products.productimage", "pk": 30, "fields": {"created": "2025-02-25T08:56:08.470Z", "updated": "2025-02-25T08:56:08.470Z", "creator": null, "is_active": true, "product_varient": 9, "image": "products/chocolate-truffle-cream-cake-half-kg_1.webp"}}, {"model": "products.productimage", "pk": 31, "fields": {"created": "2025-02-25T08:56:08.602Z", "updated": "2025-02-25T08:56:08.602Z", "creator": null, "is_active": true, "product_varient": 9, "image": "products/chocolate-truffle-cream-cake-half-kg_2.jpg"}}, {"model": "products.productimage", "pk": 32, "fields": {"created": "2025-02-25T08:56:08.605Z", "updated": "2025-02-25T08:56:08.605Z", "creator": null, "is_active": true, "product_varient": 9, "image": "products/chocolate-truffle-cream-cake-half-kg_3.jpg"}}, {"model": "products.productimage", "pk": 33, "fields": {"created": "2025-02-25T08:56:08.608Z", "updated": "2025-02-25T08:56:08.608Z", "creator": null, "is_active": true, "product_varient": 9, "image": "products/chocolate-truffle-cream-cake-half-kg_4.jpg"}}, {"model": "products.productimage", "pk": 34, "fields": {"created": "2025-02-25T08:56:08.610Z", "updated": "2025-02-25T08:56:08.611Z", "creator": null, "is_active": true, "product_varient": 9, "image": "products/chocolate-truffle-cream-cake-half-kg_5.jpg"}}, {"model": "products.productimage", "pk": 35, "fields": {"created": "2025-02-25T09:15:53.774Z", "updated": "2025-02-25T09:15:53.774Z", "creator": null, "is_active": true, "product_varient": 10, "image": "products/butterscotch-cake-half-kg_1.webp"}}, {"model": "products.productimage", "pk": 36, "fields": {"created": "2025-02-25T09:15:53.831Z", "updated": "2025-02-25T09:15:53.831Z", "creator": null, "is_active": true, "product_varient": 10, "image": "products/butterscotch-cake-half-kg_2.webp"}}, {"model": "products.productimage", "pk": 37, "fields": {"created": "2025-02-25T09:15:53.866Z", "updated": "2025-02-25T09:15:53.866Z", "creator": null, "is_active": true, "product_varient": 10, "image": "products/butterscotch-cake-half-kg_3.webp"}}, {"model": "products.productimage", "pk": 38, "fields": {"created": "2025-02-25T09:15:53.932Z", "updated": "2025-02-25T09:15:53.932Z", "creator": null, "is_active": true, "product_varient": 10, "image": "products/butterscotch-cake-half-kg_4.webp"}}, {"model": "products.categorylist", "pk": 2, "fields": {"created": "2025-02-25T06:13:55.072Z", "updated": "2025-02-25T06:13:55.072Z", "creator": 1, "is_active": true, "title": "Birthday Gifts that Wow", "category": 1}}]