[

    {
        "model": "web.banner",
        "pk": 1,
        "fields": {
            "created": "2025-02-22T09:52:37.556Z",
            "updated": "2025-02-22T09:52:37.556Z",
            "creator": 1,
            "is_active": true,
            "position": "main",
            "banner_image": "banners/Anniversary_Desk-15-01-2025_1.jpg",
            "category": 2
        }
    },
    {
        "model": "web.banner",
        "pk": 2,
        "fields": {
            "created": "2025-02-22T10:01:21.085Z",
            "updated": "2025-02-22T10:01:21.085Z",
            "creator": 1,
            "is_active": true,
            "position": "main_mobile",
            "banner_image": "banners/Anniversary_Mob-15-01-2025.webp",
            "category": 2
        }
    },
    {
        "model": "web.banner",
        "pk": 3,
        "fields": {
            "created": "2025-02-22T10:01:46.358Z",
            "updated": "2025-02-22T10:01:46.358Z",
            "creator": 1,
            "is_active": true,
            "position": "main",
            "banner_image": "banners/Birthday_Desk_04_02.webp",
            "category": 1
        }
    },
    {
        "model": "web.banner",
        "pk": 4,
        "fields": {
            "created": "2025-02-22T10:02:15.059Z",
            "updated": "2025-02-22T10:02:15.059Z",
            "creator": 1,
            "is_active": true,
            "position": "main_mobile",
            "banner_image": "banners/Birthday_Mob_04_02.jpg",
            "category": 1
        }
    },
    {
        "model": "web.banner",
        "pk": 5,
        "fields": {
            "created": "2025-02-22T10:03:00.197Z",
            "updated": "2025-02-22T10:03:00.197Z",
            "creator": 1,
            "is_active": true,
            "position": "main",
            "banner_image": "banners/Wedding_Desk-12-02-2025.jpg",
            "category": 4
        }
    },
    {
        "model": "web.banner",
        "pk": 6,
        "fields": {
            "created": "2025-02-22T10:03:21.156Z",
            "updated": "2025-02-22T10:03:21.156Z",
            "creator": 1,
            "is_active": true,
            "position": "main_mobile",
            "banner_image": "banners/Wedding_Mob-12-02-2025.jpg",
            "category": 4
        }
    },
    {
        "model": "web.banner",
        "pk": 7,
        "fields": {
            "created": "2025-02-22T10:04:08.846Z",
            "updated": "2025-02-22T10:04:08.846Z",
            "creator": 1,
            "is_active": true,
            "position": "main",
            "banner_image": "banners/Luxe_Anniversary_desk_04_02.jpg",
            "category": 2
        }
    },
    {
        "model": "web.banner",
        "pk": 8,
        "fields": {
            "created": "2025-02-22T10:05:21.326Z",
            "updated": "2025-02-22T10:07:06.307Z",
            "creator": 1,
            "is_active": true,
            "position": "main_mobile",
            "banner_image": "banners/Lux_Anniversary_Mob_04_02.jpg",
            "category": 7
        }
    },
    {
        "model": "web.banner",
        "pk": 9,
        "fields": {
            "created": "2025-02-22T10:06:00.934Z",
            "updated": "2025-02-22T10:06:00.935Z",
            "creator": 1,
            "is_active": true,
            "position": "main_mobile",
            "banner_image": "banners/Personalised-gifts-mob-13-02-2025.jpg",
            "category": 7
        }
    },
    {
        "model": "web.banner",
        "pk": 10,
        "fields": {
            "created": "2025-02-22T10:06:30.770Z",
            "updated": "2025-02-22T10:06:30.770Z",
            "creator": 1,
            "is_active": true,
            "position": "main",
            "banner_image": "banners/Personalised-gifts-Desk-13-02-2025.jpg",
            "category": 7
        }
    },
    {
        "model": "web.banner",
        "pk": 11,
        "fields": {
            "created": "2025-02-25T06:04:03.415Z",
            "updated": "2025-02-25T06:04:03.415Z",
            "creator": 1,
            "is_active": true,
            "position": "curated_gifts",
            "banner_image": "banners/SBB-Top-Banner-27-11-24_1.webp",
            "category": 1
        }
    },
    {
        "model": "web.banner",
        "pk": 12,
        "fields": {
            "created": "2025-02-25T06:04:29.382Z",
            "updated": "2025-02-25T06:04:29.382Z",
            "creator": 1,
            "is_active": true,
            "position": "curated_gifts",
            "banner_image": "banners/SBB_Top_Banner-08-01-2025.webp",
            "category": 1
        }
    },
    {
        "model": "web.banner",
        "pk": 13,
        "fields": {
            "created": "2025-02-25T06:05:13.342Z",
            "updated": "2025-02-25T06:05:13.342Z",
            "creator": 1,
            "is_active": true,
            "position": "curated_gifts",
            "banner_image": "banners/Personalised-2-11-24.webp",
            "category": 1
        }
    },
    {
        "model": "web.banner",
        "pk": 14,
        "fields": {
            "created": "2025-02-25T06:05:30.399Z",
            "updated": "2025-02-25T06:05:30.399Z",
            "creator": 1,
            "is_active": true,
            "position": "curated_gifts",
            "banner_image": "banners/Chocolates_SBB-08-01-2025.webp",
            "category": 1
        }
    },
    {
        "model": "web.banner",
        "pk": 15,
        "fields": {
            "created": "2025-02-25T06:05:55.469Z",
            "updated": "2025-02-25T06:05:55.469Z",
            "creator": 1,
            "is_active": true,
            "position": "curated_gifts",
            "banner_image": "banners/SBB_lower_Combos-08-01-2025.webp",
            "category": 1
        }
    },
    {
        "model": "web.banner",
        "pk": 16,
        "fields": {
            "created": "2025-02-25T06:06:16.960Z",
            "updated": "2025-02-25T06:06:16.960Z",
            "creator": 1,
            "is_active": true,
            "position": "curated_gifts",
            "banner_image": "banners/SBB_Fashionlifestyle-08-01-25.webp",
            "category": 1
        }
    },
    {
        "model": "web.banner",
        "pk": 20,
        "fields": {
            "created": "2025-02-26T04:17:52.975Z",
            "updated": "2025-02-26T04:17:52.975Z",
            "creator": 1,
            "is_active": true,
            "position": "new_arrival_block_left_image",
            "banner_image": "banners/Untitled_design_13_wmleBRF.png",
            "category": 1
        }
    },
    {
        "model": "web.contact",
        "pk": 1,
        "fields": {
            "created": "2025-03-22T19:31:58.991Z",
            "updated": "2025-03-22T19:31:58.991Z",
            "creator": null,
            "is_active": true,
            "first_name": "gBqsPxAZ",
            "last_name": "gBqsPxAZ",
            "email": "testing@example.com",
            "phone": "555-666-0606",
            "place": "1",
            "message": "555",
            "timestamp": "2025-03-22T19:31:58.991Z"
        }
    },

    {
        "model": "products.product",
        "pk": 1,
        "fields": {
            "created": "2025-02-22T04:27:39.629Z",
            "updated": "2025-02-22T05:31:12.626Z",
            "creator": 1,
            "is_active": true,
            "category": null,
            "product_name": "Graceful Dry Flower",
            "brand": null,
            "timestamp": "2025-02-22T04:27:39.630Z"
        }
    },
    {
        "model": "products.product",
        "pk": 2,
        "fields": {
            "created": "2025-02-22T05:36:00.345Z",
            "updated": "2025-02-22T05:36:00.345Z",
            "creator": 1,
            "is_active": true,
            "category": null,
            "product_name": "Crochet Tulip",
            "brand": null,
            "timestamp": "2025-02-22T05:36:00.345Z"
        }
    },
    {
        "model": "products.product",
        "pk": 3,
        "fields": {
            "created": "2025-02-22T05:47:58.063Z",
            "updated": "2025-02-22T05:47:58.063Z",
            "creator": null,
            "is_active": true,
            "category": null,
            "product_name": "Timeless Grace",
            "brand": null,
            "timestamp": "2025-02-22T05:47:58.063Z"
        }
    },
    {
        "model": "products.product",
        "pk": 4,
        "fields": {
            "created": "2025-02-22T06:06:28.676Z",
            "updated": "2025-02-22T06:06:28.676Z",
            "creator": 1,
            "is_active": true,
            "category": null,
            "product_name": "Serene Pink Dry",
            "brand": null,
            "timestamp": "2025-02-22T06:06:28.676Z"
        }
    },
    {
        "model": "products.product",
        "pk": 5,
        "fields": {
            "created": "2025-02-22T06:15:47.998Z",
            "updated": "2025-02-22T06:15:47.998Z",
            "creator": 1,
            "is_active": true,
            "category": null,
            "product_name": "Rustic Rose Charm",
            "brand": null,
            "timestamp": "2025-02-22T06:15:47.998Z"
        }
    },
    {
        "model": "products.product",
        "pk": 6,
        "fields": {
            "created": "2025-02-22T06:26:50.355Z",
            "updated": "2025-02-22T06:26:50.355Z",
            "creator": 1,
            "is_active": true,
            "category": null,
            "product_name": "Rustic Elegance Dry",
            "brand": null,
            "timestamp": "2025-02-22T06:26:50.355Z"
        }
    },
    {
        "model": "products.product",
        "pk": 7,
        "fields": {
            "created": "2025-02-22T06:43:23.391Z",
            "updated": "2025-02-22T06:43:23.391Z",
            "creator": 1,
            "is_active": true,
            "category": null,
            "product_name": "Daisy Crochet",
            "brand": null,
            "timestamp": "2025-02-22T06:43:23.391Z"
        }
    },
    {
        "model": "products.product",
        "pk": 8,
        "fields": {
            "created": "2025-02-22T06:53:50.295Z",
            "updated": "2025-02-22T06:53:50.295Z",
            "creator": 1,
            "is_active": true,
            "category": null,
            "product_name": "Whispers of",
            "brand": null,
            "timestamp": "2025-02-22T06:53:50.295Z"
        }
    },
    {
        "model": "products.product",
        "pk": 9,
        "fields": {
            "created": "2025-02-25T08:44:39.673Z",
            "updated": "2025-02-25T08:44:39.673Z",
            "creator": 1,
            "is_active": true,
            "sub_category": 2,
            "product_name": "Chocolate Truffle",
            "brand": null,
            "timestamp": "2025-02-25T08:44:39.673Z"
        }
    },
    {
        "model": "products.product",
        "pk": 10,
        "fields": {
            "created": "2025-02-25T09:09:59.617Z",
            "updated": "2025-02-25T09:09:59.617Z",
            "creator": 1,
            "is_active": true,
            "sub_category": 2,
            "product_name": "Butterscotch",
            "brand": null,
            "timestamp": "2025-02-25T09:09:59.617Z"
        }
    },
    {
        "model": "products.product",
        "pk": 11,
        "fields": {
            "created": "2025-02-26T04:41:24.983Z",
            "updated": "2025-02-26T04:41:24.983Z",
            "creator": 1,
            "is_active": true,
            "sub_category": 2,
            "product_name": "Chocolate",
            "brand": null,
            "timestamp": "2025-02-26T04:41:24.983Z"
        }
    },
    {
        "model": "products.product",
        "pk": 12,
        "fields": {
            "created": "2025-02-26T05:21:02.865Z",
            "updated": "2025-02-26T05:21:02.865Z",
            "creator": 1,
            "is_active": true,
            "sub_category": 2,
            "product_name": "Black Forest",
            "brand": null,
            "timestamp": "2025-02-26T05:21:02.865Z"
        }
    },
    {
        "model": "products.product",
        "pk": 13,
        "fields": {
            "created": "2025-02-26T05:37:02.933Z",
            "updated": "2025-02-26T05:37:02.933Z",
            "creator": 1,
            "is_active": true,
            "sub_category": 2,
            "product_name": "Pineapple",
            "brand": null,
            "timestamp": "2025-02-26T05:37:02.933Z"
        }
    },
    {
        "model": "products.product",
        "pk": 14,
        "fields": {
            "created": "2025-02-26T05:49:46.146Z",
            "updated": "2025-02-26T05:49:46.146Z",
            "creator": 1,
            "is_active": true,
            "sub_category": 2,
            "product_name": "Red Velvet Fresh",
            "brand": null,
            "timestamp": "2025-02-26T05:49:46.146Z"
        }
    },
    {
        "model": "products.product",
        "pk": 15,
        "fields": {
            "created": "2025-02-26T06:56:13.394Z",
            "updated": "2025-02-26T06:56:13.394Z",
            "creator": 1,
            "is_active": true,
            "sub_category": 2,
            "product_name": "Chocolate Truffle",
            "brand": null,
            "timestamp": "2025-02-26T06:56:13.394Z"
        }
    },
    {
        "model": "products.product",
        "pk": 16,
        "fields": {
            "created": "2025-02-26T07:22:01.678Z",
            "updated": "2025-02-26T07:22:01.678Z",
            "creator": 1,
            "is_active": true,
            "sub_category": 2,
            "product_name": "Raisins & Dates",
            "brand": null,
            "timestamp": "2025-02-26T07:22:01.678Z"
        }
    },
    {
        "model": "products.product",
        "pk": 17,
        "fields": {
            "created": "2025-02-26T08:34:39.875Z",
            "updated": "2025-02-26T08:34:39.875Z",
            "creator": 1,
            "is_active": true,
            "sub_category": 3,
            "product_name": "Personalised Temperature",
            "brand": null,
            "timestamp": "2025-02-26T08:34:39.875Z"
        }
    },
    {
        "model": "products.product",
        "pk": 18,
        "fields": {
            "created": "2025-02-26T08:55:51.433Z",
            "updated": "2025-02-26T08:55:51.433Z",
            "creator": 1,
            "is_active": true,
            "sub_category": 3,
            "product_name": "Parker Folio",
            "brand": null,
            "timestamp": "2025-02-26T08:55:51.433Z"
        }
    },
    {
        "model": "products.product",
        "pk": 19,
        "fields": {
            "created": "2025-02-26T09:36:16.988Z",
            "updated": "2025-02-26T09:36:16.988Z",
            "creator": 1,
            "is_active": true,
            "sub_category": 3,
            "product_name": "Birthday Celebration",
            "brand": null,
            "timestamp": "2025-02-26T09:36:16.989Z"
        }
    },
    {
        "model": "products.product",
        "pk": 20,
        "fields": {
            "created": "2025-02-27T05:57:10.062Z",
            "updated": "2025-02-27T05:57:10.062Z",
            "creator": 1,
            "is_active": true,
            "sub_category": 3,
            "product_name": "Birthday Celebration",
            "brand": null,
            "timestamp": "2025-02-27T05:57:10.062Z"
        }
    },
    {
        "model": "products.product",
        "pk": 21,
        "fields": {
            "created": "2025-02-27T06:58:02.253Z",
            "updated": "2025-02-27T06:58:02.254Z",
            "creator": 1,
            "is_active": true,
            "sub_category": 3,
            "product_name": "Personalised Men's",
            "brand": null,
            "timestamp": "2025-02-27T06:58:02.254Z"
        }
    },
    {
        "model": "products.product",
        "pk": 22,
        "fields": {
            "created": "2025-02-27T07:15:14.587Z",
            "updated": "2025-02-27T07:25:25.552Z",
            "creator": 1,
            "is_active": true,
            "sub_category": 5,
            "product_name": "Lucky Bamboo",
            "brand": null,
            "timestamp": "2025-02-27T07:15:14.587Z"
        }
    },
    {
        "model": "products.product",
        "pk": 23,
        "fields": {
            "created": "2025-02-27T07:31:16.546Z",
            "updated": "2025-02-27T07:31:16.546Z",
            "creator": 1,
            "is_active": true,
            "sub_category": 5,
            "product_name": "Healthy Birthday",
            "brand": null,
            "timestamp": "2025-02-27T07:31:16.546Z"
        }
    },
    {
        "model": "products.product",
        "pk": 24,
        "fields": {
            "created": "2025-02-28T04:19:53.403Z",
            "updated": "2025-02-28T04:19:53.404Z",
            "creator": 1,
            "is_active": true,
            "sub_category": 5,
            "product_name": "Cute Birthday Gift Hamper",
            "brand": null,
            "timestamp": "2025-02-28T04:19:53.404Z"
        }
    },
    {
        "model": "products.product",
        "pk": 25,
        "fields": {
            "created": "2025-02-28T04:43:51.675Z",
            "updated": "2025-02-28T04:43:51.675Z",
            "creator": 1,
            "is_active": true,
            "sub_category": 5,
            "product_name": "Personalised Birthday",
            "brand": null,
            "timestamp": "2025-02-28T04:43:51.675Z"
        }
    },
    {
        "model": "products.productvariant",
        "pk": 1,
        "fields": {
            "created": "2025-02-22T05:15:48.157Z",
            "updated": "2025-02-25T06:30:21.128Z",
            "creator": 1,
            "is_active": true,
            "product": 1,
            "varient_name": "Medley",
            "slug": "graceful-dry-flower-medley",
            "tag": null,
            "selling_price": "799.00",
            "actual_price": "889.00",
            "product_code": "B4B59A48",
            "details": "Immerse someone special in a world of floral elegance with this stunning gift arrangement Featuring graceful palm sticks delicate pink grass charming Nigella sativa blooms and two maize roses all artfully arranged in a chic black metal vase Perfect for those who appreciate beauty and sophistication this gift elevates any space with its graceful presence adding a touch of natural charm to its surroundings\r\nProduct Details\r\n\r\nPalm stick\r\nTishi grass in pink\r\nNigella sativa in pink\r\nMaize rose 2\r\nPink nonwoven paper\r\nHoused in a black metal vase\r\nNet quantity 1\r\nDimensions 14x8 inch\r\nWeight Approx 500gms\r\nCountry of origin India",
            "thumbnail_image": "products/varients/graceful-dry-flower-medley_1.webp",
            "generic_name": null,
            "first_available_date": "2025-02-22",
            "is_popular": false,
            "is_trend": true,
            "is_new_arrival": true,
            "is_best_seller": true,
            "is_offer": false,
            "is_stock": true,
            "stock": 1,
            "meta_title": "",
            "meta_description": ""
        }
    },
    {
        "model": "products.productvariant",
        "pk": 2,
        "fields": {
            "created": "2025-02-22T05:39:30.838Z",
            "updated": "2025-02-26T04:22:07.349Z",
            "creator": 1,
            "is_active": true,
            "product": 2,
            "varient_name": "Charm",
            "slug": "charm",
            "tag": null,
            "selling_price": "1699.00",
            "actual_price": "2149.00",
            "product_code": "AB6BF496",
            "details": "This handcrafted crochet tulip bouquet is a charming and thoughtful gift perfect for someone special who appreciates timeless beauty. The vibrant red tulips wrapped in rustic brown jute and complemented by lush green fillers create a warm inviting feel. Not only are these flowers incredibly cute but their crochet material ensures they last a lifetime making this gift a lasting symbol of your affection and care. Ideal for friends family or loved ones.\r\nProduct Details:\r\n\r\nRed tulip: 6\r\nWrapped in brown jute\r\nGreen fillers\r\nTied with brown jute raffia\r\nNet quantity: 1 Set\r\nDimensions: 8x6 Inches\r\nWeight: Approx 250-450 gms\r\nCountry of origin: India",
            "thumbnail_image": "products/varients/crochet-tulip-charm_1.webp",
            "generic_name": null,
            "first_available_date": null,
            "is_popular": true,
            "is_trend": true,
            "is_new_arrival": true,
            "is_best_seller": true,
            "is_offer": true,
            "is_stock": true,
            "stock": 1,
            "meta_title": "",
            "meta_description": ""
        }
    },
    {
        "model": "products.productvariant",
        "pk": 3,
        "fields": {
            "created": "2025-02-22T06:03:04.272Z",
            "updated": "2025-02-22T06:03:04.272Z",
            "creator": 1,
            "is_active": true,
            "product": 3,
            "varient_name": "Floral Arrangement",
            "slug": "floral-arrangement",
            "tag": null,
            "selling_price": "569.00",
            "actual_price": "639.00",
            "product_code": "19ECCBC8",
            "details": "Elevate someones space with this sophisticated gift ensemble Featuring elegant pampas grass delicate phalaris charming pink tishi grass and rustic wheat grass all presented on a sleek sheet tied with a chic white raffia knot and accentuated by a maize rose Ideal for those who appreciate modern elegance this gift brings a touch of nature indoors enhancing their surroundings with timeless beauty and sophistication\r\nProduct Details\r\n\r\nPampaas grass\r\nPhalaris\r\nTishi grass in pink\r\nWheat grass\r\nBlack nonwoven sheet 26X26 Inch\r\nWhite raffia knot\r\nMaize rose 1\r\nNet quantity 1\r\nDimensions 14x8 inch\r\nWeight Approx 500gmsCountry of origin India",
            "thumbnail_image": "products/varients/timeless-grace-floral-arrangement_1.webp",
            "generic_name": null,
            "first_available_date": null,
            "is_popular": false,
            "is_trend": false,
            "is_new_arrival": true,
            "is_best_seller": true,
            "is_offer": false,
            "is_stock": true,
            "stock": 1,
            "meta_title": "",
            "meta_description": ""
        }
    },
    {
        "model": "products.productvariant",
        "pk": 4,
        "fields": {
            "created": "2025-02-22T06:11:18.439Z",
            "updated": "2025-02-26T04:23:07.223Z",
            "creator": 1,
            "is_active": true,
            "product": 4,
            "varient_name": "Flower Ensemble",
            "slug": "flower-ensemble",
            "tag": null,
            "selling_price": "569.00",
            "actual_price": "639.00",
            "product_code": "E301665D",
            "details": "Indulge someones senses with this enchanting gift ensemble. Featuring delicate pink phalaris, charming tishi grass, ethereal Nigella sativa blooms, and graceful pink palm sticks, all delicately wrapped in a sheet and tied with a coordinating pink raffia thread. Ideal for those who appreciate beauty in simplicity, this gift uplifts their spirits and adds a touch of elegance to their surroundings, fostering a sense of joy and serenity.\r\nProduct Details:\r\n\r\nPhalaris\r\nTishi grass in pink\r\nNigella sativa in pink\r\nPalm stick in pink\r\nPink non-woven paper\r\nPink raffia thread\r\nNet quantity: 1\r\nDimensions: 12x5 inch\r\nWeight: Approx 50-100 gms\r\nCountry of origin: India",
            "thumbnail_image": "products/varients/serene-pink-dry-flower-ensemble_1.webp",
            "generic_name": null,
            "first_available_date": null,
            "is_popular": true,
            "is_trend": true,
            "is_new_arrival": true,
            "is_best_seller": true,
            "is_offer": true,
            "is_stock": true,
            "stock": 1,
            "meta_title": "",
            "meta_description": ""
        }
    },
    {
        "model": "products.productvariant",
        "pk": 5,
        "fields": {
            "created": "2025-02-22T06:22:32.579Z",
            "updated": "2025-02-26T04:23:00.781Z",
            "creator": 1,
            "is_active": true,
            "product": 5,
            "varient_name": "Crochet Bouquet",
            "slug": "crochet-bouquet",
            "tag": null,
            "selling_price": "599.00",
            "actual_price": "669.00",
            "product_code": "7EDEB10A",
            "details": "This charming bouquet of red roses wrapped in rustic brown jute is a timeless expression of love and affection. Crafted from durable crochet material these flowers retain their beauty offering a lasting symbol of your care. The green fillers enhance the natural elegance making it the perfect gift for someone specialwhether for a romantic gesture a thoughtful surprise or simply to brighten their day with a gift that lasts forever.\r\nProduct Details:\r\n\r\nRed rose: 2\r\nWrapped in brown jute\r\nGreen fillers\r\nTied with brown jute raffia\r\nNet quantity: 1 Set\r\nDimensions: 8x6 Inches\r\nWeight: Approx 250-450 gms\r\nCountry of origin: India\r\nCountry of origin: India",
            "thumbnail_image": "products/varients/rustic-rose-charm-crochet-bouquet_1.webp",
            "generic_name": null,
            "first_available_date": null,
            "is_popular": true,
            "is_trend": true,
            "is_new_arrival": true,
            "is_best_seller": true,
            "is_offer": true,
            "is_stock": true,
            "stock": 1,
            "meta_title": "",
            "meta_description": ""
        }
    },
    {
        "model": "products.productvariant",
        "pk": 6,
        "fields": {
            "created": "2025-02-22T06:34:10.343Z",
            "updated": "2025-02-25T06:30:26.812Z",
            "creator": 1,
            "is_active": true,
            "product": 6,
            "varient_name": "Flower Ensemble",
            "slug": "rustic-flower-ensemble",
            "tag": null,
            "selling_price": "999.00",
            "actual_price": "1109.00",
            "product_code": "5077D06F",
            "details": "Elevate any space with this exquisite gift ensemble Featuring delicate pampas grass charming flowers and rustic jute fabric all beautifully arranged in a beige round basket tied with FNP golden satin ribbon Perfect for nature lovers or those seeking tranquil decor This gift brings a touch of serenity and natural beauty enhancing any room with its calming presence",
            "thumbnail_image": "products/varients/rustic-elegance-dry-flower-ensemble_1.webp",
            "generic_name": null,
            "first_available_date": null,
            "is_popular": false,
            "is_trend": true,
            "is_new_arrival": true,
            "is_best_seller": true,
            "is_offer": false,
            "is_stock": true,
            "stock": 1,
            "meta_title": "",
            "meta_description": ""
        }
    },
    {
        "model": "products.productvariant",
        "pk": 7,
        "fields": {
            "created": "2025-02-22T06:49:59.422Z",
            "updated": "2025-02-22T06:49:59.422Z",
            "creator": 1,
            "is_active": true,
            "product": 7,
            "varient_name": "Bouquet",
            "slug": "daisy-bouquet",
            "tag": null,
            "selling_price": "1949.00",
            "actual_price": "2399.00",
            "product_code": "1CCCB904",
            "details": "This enchanting bouquet of crochet white daisies wrapped in rustic brown jute brings timeless beauty to any occasion. With its delicate design and vibrant green fillers this gift captures the essence of love and thoughtfulness. Perfect for someone special its not just a giftits a lasting token of affection. The handmade flowers are adorable and longlasting ensuring that your sentiment endures long after the occasion has passed.",
            "thumbnail_image": "products/varients/daisy-crochet-bouquet_1.webp",
            "generic_name": null,
            "first_available_date": null,
            "is_popular": false,
            "is_trend": true,
            "is_new_arrival": true,
            "is_best_seller": true,
            "is_offer": false,
            "is_stock": true,
            "stock": 1,
            "meta_title": "",
            "meta_description": ""
        }
    },
    {
        "model": "products.productvariant",
        "pk": 8,
        "fields": {
            "created": "2025-02-22T06:57:12.454Z",
            "updated": "2025-02-26T04:22:51.059Z",
            "creator": 1,
            "is_active": true,
            "product": 8,
            "varient_name": "Lily Grace",
            "slug": "lily-grace",
            "tag": null,
            "selling_price": "1849.00",
            "actual_price": "2299.00",
            "product_code": "5ED633C1",
            "details": "This charming bouquet of pink and yellow lilies wrapped in rustic brown jute is the perfect gift to brighten anyones day. Crafted from delicate crochet material each flower radiates a timeless beauty that will last far beyond any fresh bloom. Thoughtful and longlasting this bouquet is ideal for loved ones who cherish enduring elegance and a unique touch of handmade art. A sweet gesture for any occasion it will bring lasting joy and warmth to its recipient.",
            "thumbnail_image": "products/varients/whispers-of-lily-grace_1.webp",
            "generic_name": null,
            "first_available_date": "2025-02-22",
            "is_popular": true,
            "is_trend": true,
            "is_new_arrival": true,
            "is_best_seller": true,
            "is_offer": true,
            "is_stock": true,
            "stock": 1,
            "meta_title": "",
            "meta_description": ""
        }
    },
    {
        "model": "products.productvariant",
        "pk": 9,
        "fields": {
            "created": "2025-02-25T08:56:08.347Z",
            "updated": "2025-02-25T08:56:08.347Z",
            "creator": 1,
            "is_active": true,
            "product": 9,
            "varient_name": "Delicious Cake Half Kg",
            "slug": "delicious-cake-half-kg",
            "tag": null,
            "selling_price": "599.00",
            "actual_price": "699.00",
            "product_code": "7543B71C",
            "details": "Cake Flavour- Truffle\r\n    Shape- Round\r\n    Weight: 500 gm\r\n    Net Quantity: 1 Cake\r\n    Diameter: 7.5 inch\r\n    Country Of Origin: India\r\n    Serves: 4-6 People\r\n\r\nIngredients:\r\n\r\n    Chocolate premix, Refined oil, Breakfast Sugar, Chocolate Truffle Base, Dark Chocolate compound, Karonda Cherry, Chocolate Glaze\r\n\r\nPlease Note:\r\n\r\n    The cake stand, cutlery accessories used in the image are only for representation purposes. They are not delivered with the cake.\r\n    This cake is hand delivered in a good quality cardboard box..",
            "thumbnail_image": "products/varients/chocolate-truffle-cream-cake-half-kg_1.webp",
            "generic_name": null,
            "first_available_date": "2025-02-25",
            "is_popular": true,
            "is_trend": true,
            "is_new_arrival": true,
            "is_best_seller": true,
            "is_offer": true,
            "is_stock": true,
            "stock": 1,
            "meta_title": "",
            "meta_description": ""
        }
    },
    {
        "model": "products.productvariant",
        "pk": 10,
        "fields": {
            "created": "2025-02-25T09:15:53.608Z",
            "updated": "2025-02-25T09:56:29.824Z",
            "creator": 1,
            "is_active": true,
            "product": 10,
            "varient_name": "Cake Half kg",
            "slug": "cake-half-kg",
            "tag": null,
            "selling_price": "575.00",
            "actual_price": "649.00",
            "product_code": "65050512",
            "details": "Cake Flavour- Butterscotch\r\n    Type of Cake - Cream\r\n    Shape- Round\r\n    Weight: 500 gm\r\n    Net Quantity: 1 Cake\r\n    Diameter: 7.5 inch\r\n    Country Of Origin: India\r\n    Serves: 4-6 People\r\n\r\nIngredients:\r\n\r\n    Vanilla premix, Refined oil, Breakfast Sugar, Whip topping cream, Dark Chocolate compound, White Chocolate Compound, ButterScotch Crush, Caramel Filling, ButterScotch Nuts, ButterScotch Essence, Color Yellow, Color Orange\r\n\r\nPlease Note:\r\n\r\n    The cake stand, cutlery accessories used in the image are only for representation purposes. They are not delivered with the cake.\r\n    This cake is hand delivered in a good quality cardboard box..",
            "thumbnail_image": "products/varients/butterscotch-cake-half-kg_1.webp",
            "generic_name": null,
            "first_available_date": "2025-02-25",
            "is_popular": true,
            "is_trend": true,
            "is_new_arrival": true,
            "is_best_seller": true,
            "is_offer": true,
            "is_stock": true,
            "stock": 1,
            "meta_title": "",
            "meta_description": ""
        }
    },
    {
        "model": "products.productvariant",
        "pk": 11,
        "fields": {
            "created": "2025-02-26T04:49:38.234Z",
            "updated": "2025-02-26T04:49:38.234Z",
            "creator": 1,
            "is_active": true,
            "product": 11,
            "varient_name": "Cream Cake Half kg",
            "slug": "cream-cake-half-kg",
            "tag": null,
            "selling_price": "599.00",
            "actual_price": "699.00",
            "product_code": "64E6BA7B",
            "details": "Chocolate premix, Refined oil, Breakfast Sugar, Whip topping cream, Chocolate Truffle Base, Dark Chocolate compound, White Chocolate Compound, Silver Ball\r\n\r\nPlease Note:\r\n\r\n    The cake stand, cutlery accessories used in the image are only for representation purposes. They are not delivered with the cake.\r\n    This cake is hand delivered in a good quality cardboard box..",
            "thumbnail_image": "products/varients/chocolate-cream-cake-half-kg_1.webp",
            "generic_name": null,
            "first_available_date": null,
            "is_popular": true,
            "is_trend": true,
            "is_new_arrival": true,
            "is_best_seller": true,
            "is_offer": true,
            "is_stock": true,
            "stock": 50,
            "meta_title": "",
            "meta_description": ""
        }
    },
    {
        "model": "products.productvariant",
        "pk": 12,
        "fields": {
            "created": "2025-02-26T05:33:06.603Z",
            "updated": "2025-02-26T05:33:06.603Z",
            "creator": 1,
            "is_active": true,
            "product": 12,
            "varient_name": "Cake Half kg",
            "slug": "black-forest-cake-half-kg",
            "tag": null,
            "selling_price": "575.00",
            "actual_price": "599.00",
            "product_code": "C74CE03C",
            "details": "Cake Flavour- Black Forest\r\n    Type of Cake - Cream\r\n    Shape- Round\r\n    Weight: 500 gm\r\n    Net Quantity: 1 Cake\r\n    Diameter: 7.5 inch\r\n    Country Of Origin: India\r\n    Serves: 4-6 People\r\n\r\nIngredients:\r\n\r\n    Chocolate premix, Refined oil, Breakfast Sugar, Whip topping cream, Chocolate Truffle Base, Dark Chocolate compound, Red Cherry\r\n\r\nPlease Note:\r\n\r\n    The cake stand, cutlery accessories used in the image are only for representation purposes. They are not delivered with the cake.\r\n    This cake is hand delivered in a good quality cardboard box..",
            "thumbnail_image": "products/varients/black-forest-cake-half-kg_2.webp",
            "generic_name": null,
            "first_available_date": null,
            "is_popular": true,
            "is_trend": true,
            "is_new_arrival": true,
            "is_best_seller": true,
            "is_offer": false,
            "is_stock": true,
            "stock": 1,
            "meta_title": "",
            "meta_description": ""
        }
    },
    {
        "model": "products.productvariant",
        "pk": 13,
        "fields": {
            "created": "2025-02-26T05:48:11.920Z",
            "updated": "2025-02-26T05:48:11.920Z",
            "creator": 1,
            "is_active": true,
            "product": 13,
            "varient_name": "Cake Half kg",
            "slug": "pineapple-cake-half-kg",
            "tag": null,
            "selling_price": "549.00",
            "actual_price": "599.00",
            "product_code": "1C2F3F70",
            "details": "Cake Flavour- Pineapple\r\n    Type of Cake - Cream\r\n    Shape- Round\r\n    Weight: 500 gm\r\n    Net Quantity: 1 Cake\r\n    Diameter: 7.5 inch\r\n    Country Of Origin: India\r\n    Serves: 4-6 People\r\n\r\nIngredients:\r\n\r\n    Vanilla premix, Refined oil, Breakfast Sugar, Whip topping cream, Pineapple Essence, Pineapple Crush, Pineapple Slice, Karonda Cherry\r\n\r\nPlease Note:\r\n\r\n    The cake stand, cutlery accessories used in the image are only for representation purposes. They are not delivered with the cake.\r\n    This cake is hand delivered in a good quality cardboard box..",
            "thumbnail_image": "products/varients/pineapple-cake-half-kg_2.webp",
            "generic_name": null,
            "first_available_date": "2025-02-26",
            "is_popular": true,
            "is_trend": true,
            "is_new_arrival": true,
            "is_best_seller": true,
            "is_offer": false,
            "is_stock": true,
            "stock": 1,
            "meta_title": "",
            "meta_description": ""
        }
    },
    {
        "model": "products.productvariant",
        "pk": 14,
        "fields": {
            "created": "2025-02-26T05:56:55.099Z",
            "updated": "2025-02-26T05:58:27.617Z",
            "creator": 1,
            "is_active": true,
            "product": 14,
            "varient_name": "Cream Cake Half kg",
            "slug": "red-velvet-freshcream-cake-half-kg",
            "tag": null,
            "selling_price": "749.00",
            "actual_price": "849.00",
            "product_code": "366115AC",
            "details": "Cake Flavour- Red Velvet\r\n    Type of Cake - Cream\r\n    Shape- Round\r\n    Weight: 500 gm\r\n    Net Quantity: 1 Cake\r\n    Diameter: 7.5 inch\r\n    Country Of Origin: India\r\n    Serves: 4-6 People\r\n\r\nIngredients:\r\n\r\n    Red Velvet Premix, Refined oil, Breakfast Sugar, Whip Cream, Cream Cheese, Tamato red colour, Red Velvet Sponge crumble",
            "thumbnail_image": "products/varients/red-velvet-fresh-cream-cake-half-kg_1.webp",
            "generic_name": null,
            "first_available_date": "2025-02-26",
            "is_popular": true,
            "is_trend": true,
            "is_new_arrival": true,
            "is_best_seller": true,
            "is_offer": false,
            "is_stock": true,
            "stock": 1,
            "meta_title": "",
            "meta_description": ""
        }
    },
    {
        "model": "products.productvariant",
        "pk": 15,
        "fields": {
            "created": "2025-02-26T07:20:28.419Z",
            "updated": "2025-02-26T07:20:51.883Z",
            "creator": 1,
            "is_active": true,
            "product": 15,
            "varient_name": "Cake Half Kg Eggless",
            "slug": "cake-half-kg-eggless",
            "tag": null,
            "selling_price": "625.00",
            "actual_price": "699.00",
            "product_code": "1C2FB119",
            "details": "Cake Flavour- Truffle\r\n    Version- Eggless\r\n    Type of Cake - Cream\r\n    Weight- Half Kg\r\n    Shape- Round\r\n    Serves- 4-6 People\r\n    Size- 6 inches in Diameter\r\n    Net Quantity- 1\r\n    Country of Origin- India\r\nThe cake stand, cutlery accessories used in the image are only for representation purposes. They are not delivered with the cake.\r\nThis cake is hand delivered in a good quality cardboard box",
            "thumbnail_image": "products/varients/truffle-cake-half-kg-eggless_1.webp",
            "generic_name": null,
            "first_available_date": "2025-02-26",
            "is_popular": true,
            "is_trend": true,
            "is_new_arrival": true,
            "is_best_seller": true,
            "is_offer": false,
            "is_stock": true,
            "stock": 1,
            "meta_title": "",
            "meta_description": ""
        }
    },
    {
        "model": "products.productvariant",
        "pk": 16,
        "fields": {
            "created": "2025-02-26T07:26:28.695Z",
            "updated": "2025-02-26T07:26:28.695Z",
            "creator": 1,
            "is_active": true,
            "product": 16,
            "varient_name": "Raisins & Dates",
            "slug": "raisins-dates",
            "tag": null,
            "selling_price": "599.00",
            "actual_price": "699.00",
            "product_code": "23E90F7D",
            "details": "One Dates Raisins Dry Cake\r\n    Weight- 500 gms\r\n    Dimensions- 15 x 5.5 cms\r\n    Shelf Life- 15 Days\r\n    Ingredients- Dates, Raisins, Anticaking Agents Artificial Flavour Vanilla\r\n    Country of Origin: India\r\n\r\nPlease Note:\r\n\r\n    The cake stand, cutlery accessories used in the image are only for representation purposes. They are not delivered with the cake.",
            "thumbnail_image": "products/varients/raisins-n-dates-dry-cake-500-grams_1.webp",
            "generic_name": null,
            "first_available_date": null,
            "is_popular": false,
            "is_trend": false,
            "is_new_arrival": true,
            "is_best_seller": true,
            "is_offer": false,
            "is_stock": true,
            "stock": 1,
            "meta_title": "",
            "meta_description": ""
        }
    },
    {
        "model": "products.productvariant",
        "pk": 17,
        "fields": {
            "created": "2025-02-26T08:52:13.225Z",
            "updated": "2025-02-26T08:52:13.225Z",
            "creator": 1,
            "is_active": true,
            "product": 17,
            "varient_name": "Hydration Bottle",
            "slug": "hydration-bottle",
            "tag": null,
            "selling_price": "599.00",
            "actual_price": "649.00",
            "product_code": "3D3C3982",
            "details": "Elevate your loved ones daily hydration ritual with our stylish temperature display bottle in black. This name-personalised gem boasts double-insulated walls, ensuring leak-proof functionality, and maintaining water at the ideal temperature for up to 12 hours. Gift them not just a bottle, but a thoughtful companion that adds both style and practicality to their every sip.\r\n\r\nProduct Details:\r\n\r\n    Personalised water bottle with LED temperature display: 1\r\n    Colour: Black\r\n    Material: Stainless steel\r\n    Capacity: 500 ml\r\n    Double insulated wall\r\n    Leak proof\r\n    Keeps water cold and warm upto 12 hours\r\n    Net Quantity: 1 Unit\r\n    Country Of Origin: India\r\n    For personalisation please provide us with a name",
            "thumbnail_image": "products/varients/personalised-temperature-hydration-bottle_1.webp",
            "generic_name": null,
            "first_available_date": null,
            "is_popular": true,
            "is_trend": true,
            "is_new_arrival": true,
            "is_best_seller": true,
            "is_offer": false,
            "is_stock": true,
            "stock": 1,
            "meta_title": "",
            "meta_description": ""
        }
    },
    {
        "model": "products.productvariant",
        "pk": 18,
        "fields": {
            "created": "2025-02-26T09:23:04.823Z",
            "updated": "2025-02-26T09:23:04.823Z",
            "creator": 1,
            "is_active": true,
            "product": 18,
            "varient_name": "Personalised Ball Pen",
            "slug": "personalised-ball-pen",
            "tag": null,
            "selling_price": "649.00",
            "actual_price": "1149.00",
            "product_code": "4866EED9",
            "details": "The Parker Folio Ball Pen is a timeless gift suitable for all generations. Its sleek stainless steel body exudes sophistication, enhanced by the gleaming gold clip. This pens classic design makes it a cherished present for anyone, and it can be further personalised with a name, adding a touch of thoughtfulness to this exceptional gift. Ideal for those who appreciate elegance and art of writing.\r\n\r\nProduct Details:\r\n\r\n    Parken pen: 1\r\n    Net Quantity: 1 Unit\r\n    For personalisation please provide us with a name.\r\n    Country Of Origin: India",
            "thumbnail_image": "products/varients/parker-folio-personalised-ball-pen_1.webp",
            "generic_name": null,
            "first_available_date": "2025-02-26",
            "is_popular": true,
            "is_trend": true,
            "is_new_arrival": true,
            "is_best_seller": true,
            "is_offer": false,
            "is_stock": true,
            "stock": 1,
            "meta_title": "",
            "meta_description": ""
        }
    },
    {
        "model": "products.productvariant",
        "pk": 19,
        "fields": {
            "created": "2025-02-27T06:13:42.693Z",
            "updated": "2025-02-27T06:13:42.693Z",
            "creator": 1,
            "is_active": true,
            "product": 20,
            "varient_name": "Mug",
            "slug": "birthday-mug",
            "tag": null,
            "selling_price": "299.00",
            "actual_price": "329.00",
            "product_code": "2ED21B96",
            "details": "Raise a toast to special moments with this personalised mug that says, Happy Birthday, Cheers to Life Featuring space for 5 cherished images, this mug is the perfect gift to celebrate birthdays in a heartfelt way. Ideal for friends, family, or loved ones, it adds a personal touch to their special day. Every sip will remind them of joyful memories and your thoughtful gesture, making it a treasured keepsake for years to come.",
            "thumbnail_image": "products/varients/birthday-celebration-mugs_1.webp",
            "generic_name": null,
            "first_available_date": "2025-02-27",
            "is_popular": true,
            "is_trend": true,
            "is_new_arrival": true,
            "is_best_seller": true,
            "is_offer": false,
            "is_stock": true,
            "stock": 1,
            "meta_title": "",
            "meta_description": ""
        }
    },
    {
        "model": "products.productvariant",
        "pk": 20,
        "fields": {
            "created": "2025-02-27T07:06:28.740Z",
            "updated": "2025-02-27T07:06:57.307Z",
            "creator": 1,
            "is_active": true,
            "product": 21,
            "varient_name": "Classy Essentials Gift Box",
            "slug": "classy-essentials-gift-box",
            "tag": null,
            "selling_price": "1699.00",
            "actual_price": "1749.00",
            "product_code": "744A844C",
            "details": "Whether for everyday use or special occasions, the personalised box is a timeless gesture that adds a touch of personalised elegance to his essentials, making it a truly thoughtful and cherished gift. This carefully curated set features a personalised passport cover, a refined wallet with slots for cards and currency, a customised keychain and a sleek eyewear case all crafted from luxurious PU leather. Housed in a reusable gift box, this ensemble seamlessly blends practicality and sophistication.",
            "thumbnail_image": "products/varients/personalised-mens-classy-essentials-gift-box_1.webp",
            "generic_name": null,
            "first_available_date": "2025-02-27",
            "is_popular": true,
            "is_trend": true,
            "is_new_arrival": true,
            "is_best_seller": true,
            "is_offer": false,
            "is_stock": true,
            "stock": 1,
            "meta_title": "",
            "meta_description": ""
        }
    },
    {
        "model": "products.productvariant",
        "pk": 21,
        "fields": {
            "created": "2025-02-27T07:18:50.170Z",
            "updated": "2025-02-27T07:25:27.669Z",
            "creator": 1,
            "is_active": true,
            "product": 22,
            "varient_name": "Truffle Cake Combo",
            "slug": "truffle-cake-combo",
            "tag": null,
            "selling_price": "1449.00",
            "actual_price": "1849.00",
            "product_code": "02BD5B20",
            "details": "Plant Name-Two Layer Lucky Bamboo\r\n    Plant Placement-Indoors\r\n    Plant Height-Upto 5 inches\r\n    Square Glass Vase-3 x 3 x 3 inches\r\n    Truffle Cake-500 gms\r\n\r\nLucky Bamboo Trivia:\r\n\r\n    Origin-Tropical rainforests of South-east Asia and Africa.\r\n    The Positive effect of the Lucky Bamboo plant differs with the number of Lucky Bamboo stalks Two layered Lucky Bamboo is an expression of love and is also said to double your luck.",
            "thumbnail_image": "products/varients/lucky-bamboo-truffle-cake-combo_1.jpg",
            "generic_name": null,
            "first_available_date": null,
            "is_popular": true,
            "is_trend": true,
            "is_new_arrival": true,
            "is_best_seller": true,
            "is_offer": false,
            "is_stock": true,
            "stock": 1,
            "meta_title": "",
            "meta_description": ""
        }
    },
    {
        "model": "products.productvariant",
        "pk": 22,
        "fields": {
            "created": "2025-02-27T07:32:09.782Z",
            "updated": "2025-02-27T07:33:05.063Z",
            "creator": 1,
            "is_active": true,
            "product": 23,
            "varient_name": "Surprise Hamper",
            "slug": "combo-surprise-hamper",
            "tag": null,
            "selling_price": "1399.00",
            "actual_price": "1599.00",
            "product_code": "D736E451",
            "details": "Keeros Roasted Multigrain Jar- 100 gms\r\nStrawberry Green Tea- 85 gms\r\nApple Green Tea- 85 gms\r\nAtta Gur Cookie Bites- 150 gms\r\nComes in a Designer Tray\r\nWish your loved ones Happy Birthday with this tray full of healthy treats",
            "thumbnail_image": "products/varients/healthy-birthday-surprise-hamper_1.webp",
            "generic_name": null,
            "first_available_date": null,
            "is_popular": true,
            "is_trend": true,
            "is_new_arrival": true,
            "is_best_seller": true,
            "is_offer": false,
            "is_stock": true,
            "stock": 1,
            "meta_title": "",
            "meta_description": ""
        }
    },
    {
        "model": "products.productvariant",
        "pk": 23,
        "fields": {
            "created": "2025-02-28T04:23:16.481Z",
            "updated": "2025-02-28T04:24:50.932Z",
            "creator": 1,
            "is_active": true,
            "product": 24,
            "varient_name": "For Your Girlfriend",
            "slug": "for-your-girlfriend",
            "tag": null,
            "selling_price": "2549.00",
            "actual_price": "3249.00",
            "product_code": "B9FF7911",
            "details": "Shower your partner with love through our Cute Birthday Gift Hamper For Your Girlfriend. This hamper comes with a dried pink flower bouquet, shower gel, scented candle, and more adorable surprises to make her birthday truly special\r\nProduct Details:\r\n\r\nDried pink flower bouquet\r\nMood plush toy\r\nThe Body Shop shower gel: 250 ml\r\nFerrero Rocher chocolate box: 4 pcs\r\nScented candle: 70 ml\r\nBlack gift box",
            "thumbnail_image": "products/varients/cute-birthday-gift-hamper-for-your-girlfriend_1.webp",
            "generic_name": null,
            "first_available_date": "2025-02-28",
            "is_popular": true,
            "is_trend": true,
            "is_new_arrival": true,
            "is_best_seller": true,
            "is_offer": false,
            "is_stock": true,
            "stock": 1,
            "meta_title": "",
            "meta_description": ""
        }
    },
    {
        "model": "products.productvariant",
        "pk": 24,
        "fields": {
            "created": "2025-02-28T04:46:22.443Z",
            "updated": "2025-02-28T04:46:22.443Z",
            "creator": 1,
            "is_active": true,
            "product": 25,
            "varient_name": "Mug & Goodies Box",
            "slug": "birthday-mug-goodies-box",
            "tag": null,
            "selling_price": "1475.00",
            "actual_price": "1579.00",
            "product_code": "46668728",
            "details": "This thoughtfully curated gift features a special happy birthday badge to set the festive mood, a customised mug for their daily use, a versatile tote bag for their convenience and a coupon book filled with your heartfelt messages, ensuring they feel cherished. The package is tastefully presented in a sleek black box and a complimentary birthday message card adds a personal touch.",
            "thumbnail_image": "products/varients/personalised-birthday-mug-n-goodies-box_1.webp",
            "generic_name": null,
            "first_available_date": "2025-02-28",
            "is_popular": true,
            "is_trend": true,
            "is_new_arrival": true,
            "is_best_seller": true,
            "is_offer": false,
            "is_stock": true,
            "stock": 1,
            "meta_title": "",
            "meta_description": ""
        }
    },
    {
        "model": "products.feature",
        "pk": 1,
        "fields": {
            "created": "2025-03-18T08:37:43.593Z",
            "updated": "2025-03-18T08:37:43.593Z",
            "creator": null,
            "is_active": true,
            "feature_name": "Specification"
        }
    },
    {
        "model": "products.productimage",
        "pk": 1,
        "fields": {
            "created": "2025-02-22T05:15:48.272Z",
            "updated": "2025-02-22T05:15:48.272Z",
            "creator": null,
            "is_active": true,
            "product_varient": 1,
            "image": "products/graceful-dry-flower-medley_1_3WLRkPu.webp"
        }
    },
    {
        "model": "products.productimage",
        "pk": 2,
        "fields": {
            "created": "2025-02-22T05:31:25.544Z",
            "updated": "2025-02-22T05:31:25.544Z",
            "creator": null,
            "is_active": true,
            "product_varient": 1,
            "image": "products/graceful-dry-flower-medley_2_ztQyBve.webp"
        }
    },
    {
        "model": "products.productimage",
        "pk": 3,
        "fields": {
            "created": "2025-02-22T05:31:25.549Z",
            "updated": "2025-02-22T05:31:25.549Z",
            "creator": null,
            "is_active": true,
            "product_varient": 1,
            "image": "products/graceful-dry-flower-medley_3_oro02W7.webp"
        }
    },
    {
        "model": "products.productimage",
        "pk": 4,
        "fields": {
            "created": "2025-02-22T05:31:25.551Z",
            "updated": "2025-02-22T05:31:25.551Z",
            "creator": null,
            "is_active": true,
            "product_varient": 1,
            "image": "products/graceful-dry-flower-medley_4_TewXh3o.webp"
        }
    },
    {
        "model": "products.productimage",
        "pk": 5,
        "fields": {
            "created": "2025-02-22T05:39:30.843Z",
            "updated": "2025-02-22T05:39:30.843Z",
            "creator": null,
            "is_active": true,
            "product_varient": 2,
            "image": "products/crochet-tulip-charm_1_GOdCrri.webp"
        }
    },
    {
        "model": "products.productimage",
        "pk": 6,
        "fields": {
            "created": "2025-02-22T05:39:30.846Z",
            "updated": "2025-02-22T05:39:30.846Z",
            "creator": null,
            "is_active": true,
            "product_varient": 2,
            "image": "products/crochet-tulip-charm_2_RyFtaTi.webp"
        }
    },
    {
        "model": "products.productimage",
        "pk": 7,
        "fields": {
            "created": "2025-02-22T05:39:30.848Z",
            "updated": "2025-02-22T05:39:30.848Z",
            "creator": null,
            "is_active": true,
            "product_varient": 2,
            "image": "products/crochet-tulip-charm_3_kDqIYgA.webp"
        }
    },
    {
        "model": "products.productimage",
        "pk": 8,
        "fields": {
            "created": "2025-02-22T05:39:30.850Z",
            "updated": "2025-02-22T05:39:30.850Z",
            "creator": null,
            "is_active": true,
            "product_varient": 2,
            "image": "products/crochet-tulip-charm_4_PujFv2C.jpg"
        }
    },
    {
        "model": "products.productimage",
        "pk": 9,
        "fields": {
            "created": "2025-02-22T06:03:04.303Z",
            "updated": "2025-02-22T06:03:04.303Z",
            "creator": null,
            "is_active": true,
            "product_varient": 3,
            "image": "products/timeless-grace-floral-arrangement_1_P7PDtrV.webp"
        }
    },
    {
        "model": "products.productimage",
        "pk": 10,
        "fields": {
            "created": "2025-02-22T06:03:04.308Z",
            "updated": "2025-02-22T06:03:04.308Z",
            "creator": null,
            "is_active": true,
            "product_varient": 3,
            "image": "products/timeless-grace-floral-arrangement_2_pSFgrzC.webp"
        }
    },
    {
        "model": "products.productimage",
        "pk": 11,
        "fields": {
            "created": "2025-02-22T06:03:04.314Z",
            "updated": "2025-02-22T06:03:04.314Z",
            "creator": null,
            "is_active": true,
            "product_varient": 3,
            "image": "products/timeless-grace-floral-arrangement_3_XyERIDX.jpg"
        }
    },
    {
        "model": "products.productimage",
        "pk": 12,
        "fields": {
            "created": "2025-02-22T06:03:04.318Z",
            "updated": "2025-02-22T06:03:04.318Z",
            "creator": null,
            "is_active": true,
            "product_varient": 3,
            "image": "products/timeless-grace-floral-arrangement_4_qDnXyKi.webp"
        }
    },
    {
        "model": "products.productimage",
        "pk": 13,
        "fields": {
            "created": "2025-02-22T06:11:18.444Z",
            "updated": "2025-02-22T06:11:18.444Z",
            "creator": null,
            "is_active": true,
            "product_varient": 4,
            "image": "products/serene-pink-dry-flower-ensemble_1_2s08S4W.webp"
        }
    },
    {
        "model": "products.productimage",
        "pk": 14,
        "fields": {
            "created": "2025-02-22T06:11:18.447Z",
            "updated": "2025-02-22T06:11:18.447Z",
            "creator": null,
            "is_active": true,
            "product_varient": 4,
            "image": "products/serene-pink-dry-flower-ensemble_2_DgAyQwo.webp"
        }
    },
    {
        "model": "products.productimage",
        "pk": 15,
        "fields": {
            "created": "2025-02-22T06:11:18.451Z",
            "updated": "2025-02-22T06:11:18.451Z",
            "creator": null,
            "is_active": true,
            "product_varient": 4,
            "image": "products/serene-pink-dry-flower-ensemble_3_Wy3IHk7.webp"
        }
    },
    {
        "model": "products.productimage",
        "pk": 16,
        "fields": {
            "created": "2025-02-22T06:11:18.454Z",
            "updated": "2025-02-22T06:11:18.454Z",
            "creator": null,
            "is_active": true,
            "product_varient": 4,
            "image": "products/serene-pink-dry-flower-ensemble_4_0x1s4N6.webp"
        }
    },
    {
        "model": "products.productimage",
        "pk": 17,
        "fields": {
            "created": "2025-02-22T06:11:18.457Z",
            "updated": "2025-02-22T06:11:18.457Z",
            "creator": null,
            "is_active": true,
            "product_varient": 4,
            "image": "products/serene-pink-dry-flower-ensemble_5_oLY34vt.webp"
        }
    },
    {
        "model": "products.productimage",
        "pk": 18,
        "fields": {
            "created": "2025-02-22T06:22:32.643Z",
            "updated": "2025-02-22T06:22:32.643Z",
            "creator": null,
            "is_active": true,
            "product_varient": 5,
            "image": "products/rustic-rose-charm-crochet-bouquet_1_dIXdnNP.webp"
        }
    },
    {
        "model": "products.productimage",
        "pk": 19,
        "fields": {
            "created": "2025-02-22T06:34:10.531Z",
            "updated": "2025-02-22T06:34:10.531Z",
            "creator": null,
            "is_active": true,
            "product_varient": 6,
            "image": "products/rustic-elegance-dry-flower-ensemble_1_vQ9ou4A.webp"
        }
    },
    {
        "model": "products.productimage",
        "pk": 20,
        "fields": {
            "created": "2025-02-22T06:34:10.573Z",
            "updated": "2025-02-22T06:34:10.573Z",
            "creator": null,
            "is_active": true,
            "product_varient": 6,
            "image": "products/rustic-elegance-dry-flower-ensemble_2_jPu56jP.webp"
        }
    },
    {
        "model": "products.productimage",
        "pk": 21,
        "fields": {
            "created": "2025-02-22T06:34:10.580Z",
            "updated": "2025-02-22T06:34:10.580Z",
            "creator": null,
            "is_active": true,
            "product_varient": 6,
            "image": "products/rustic-elegance-dry-flower-ensemble_3_23ayQ3O.webp"
        }
    },
    {
        "model": "products.productimage",
        "pk": 22,
        "fields": {
            "created": "2025-02-22T06:49:59.428Z",
            "updated": "2025-02-22T06:49:59.428Z",
            "creator": null,
            "is_active": true,
            "product_varient": 7,
            "image": "products/daisy-crochet-bouquet_1_Vbn1M54.webp"
        }
    },
    {
        "model": "products.productimage",
        "pk": 23,
        "fields": {
            "created": "2025-02-22T06:49:59.459Z",
            "updated": "2025-02-22T06:49:59.459Z",
            "creator": null,
            "is_active": true,
            "product_varient": 7,
            "image": "products/daisy-crochet-bouquet_3_9zsxrEV.webp"
        }
    },
    {
        "model": "products.productimage",
        "pk": 24,
        "fields": {
            "created": "2025-02-22T06:49:59.462Z",
            "updated": "2025-02-22T06:49:59.462Z",
            "creator": null,
            "is_active": true,
            "product_varient": 7,
            "image": "products/daisy-crochet-bouquet_4_Tfn842j.webp"
        }
    },
    {
        "model": "products.productimage",
        "pk": 25,
        "fields": {
            "created": "2025-02-22T06:49:59.465Z",
            "updated": "2025-02-22T06:49:59.465Z",
            "creator": null,
            "is_active": true,
            "product_varient": 7,
            "image": "products/daisy-crochet-bouquet_5_denamrw.webp"
        }
    },
    {
        "model": "products.productimage",
        "pk": 26,
        "fields": {
            "created": "2025-02-22T06:57:12.593Z",
            "updated": "2025-02-22T06:57:12.593Z",
            "creator": null,
            "is_active": true,
            "product_varient": 8,
            "image": "products/whispers-of-lily-grace_1_pgTSfya.webp"
        }
    },
    {
        "model": "products.productimage",
        "pk": 27,
        "fields": {
            "created": "2025-02-22T06:57:12.597Z",
            "updated": "2025-02-22T06:57:12.597Z",
            "creator": null,
            "is_active": true,
            "product_varient": 8,
            "image": "products/whispers-of-lily-grace_2_yNb9bYC.webp"
        }
    },
    {
        "model": "products.productimage",
        "pk": 28,
        "fields": {
            "created": "2025-02-22T06:57:12.610Z",
            "updated": "2025-02-22T06:57:12.610Z",
            "creator": null,
            "is_active": true,
            "product_varient": 8,
            "image": "products/whispers-of-lily-grace_3_7qWJPQs.webp"
        }
    },
    {
        "model": "products.productimage",
        "pk": 29,
        "fields": {
            "created": "2025-02-22T06:57:12.628Z",
            "updated": "2025-02-22T06:57:12.628Z",
            "creator": null,
            "is_active": true,
            "product_varient": 8,
            "image": "products/whispers-of-lily-grace_4_MBHPHNd.webp"
        }
    },
    {
        "model": "products.productimage",
        "pk": 30,
        "fields": {
            "created": "2025-02-25T08:56:08.470Z",
            "updated": "2025-02-25T08:56:08.470Z",
            "creator": null,
            "is_active": true,
            "product_varient": 9,
            "image": "products/chocolate-truffle-cream-cake-half-kg_1_Q9PzhHf.webp"
        }
    },
    {
        "model": "products.productimage",
        "pk": 31,
        "fields": {
            "created": "2025-02-25T08:56:08.602Z",
            "updated": "2025-02-25T08:56:08.602Z",
            "creator": null,
            "is_active": true,
            "product_varient": 9,
            "image": "products/chocolate-truffle-cream-cake-half-kg_2_cDvVyjH.jpg"
        }
    },
    {
        "model": "products.productimage",
        "pk": 32,
        "fields": {
            "created": "2025-02-25T08:56:08.605Z",
            "updated": "2025-02-25T08:56:08.605Z",
            "creator": null,
            "is_active": true,
            "product_varient": 9,
            "image": "products/chocolate-truffle-cream-cake-half-kg_3_ZSi983X.jpg"
        }
    },
    {
        "model": "products.productimage",
        "pk": 33,
        "fields": {
            "created": "2025-02-25T08:56:08.608Z",
            "updated": "2025-02-25T08:56:08.608Z",
            "creator": null,
            "is_active": true,
            "product_varient": 9,
            "image": "products/chocolate-truffle-cream-cake-half-kg_4_ATJUaxP.jpg"
        }
    },
    {
        "model": "products.productimage",
        "pk": 34,
        "fields": {
            "created": "2025-02-25T08:56:08.610Z",
            "updated": "2025-02-25T08:56:08.611Z",
            "creator": null,
            "is_active": true,
            "product_varient": 9,
            "image": "products/chocolate-truffle-cream-cake-half-kg_5_dYDhT2M.jpg"
        }
    },
    {
        "model": "products.productimage",
        "pk": 35,
        "fields": {
            "created": "2025-02-25T09:15:53.774Z",
            "updated": "2025-02-25T09:15:53.774Z",
            "creator": null,
            "is_active": true,
            "product_varient": 10,
            "image": "products/butterscotch-cake-half-kg_1_IQLwZAH.webp"
        }
    },
    {
        "model": "products.productimage",
        "pk": 36,
        "fields": {
            "created": "2025-02-25T09:15:53.831Z",
            "updated": "2025-02-25T09:15:53.831Z",
            "creator": null,
            "is_active": true,
            "product_varient": 10,
            "image": "products/butterscotch-cake-half-kg_2_36qBVN3.webp"
        }
    },
    {
        "model": "products.productimage",
        "pk": 37,
        "fields": {
            "created": "2025-02-25T09:15:53.866Z",
            "updated": "2025-02-25T09:15:53.866Z",
            "creator": null,
            "is_active": true,
            "product_varient": 10,
            "image": "products/butterscotch-cake-half-kg_3_6dtZOcM.webp"
        }
    },
    {
        "model": "products.productimage",
        "pk": 38,
        "fields": {
            "created": "2025-02-25T09:15:53.932Z",
            "updated": "2025-02-25T09:15:53.932Z",
            "creator": null,
            "is_active": true,
            "product_varient": 10,
            "image": "products/butterscotch-cake-half-kg_4_KdzRf3K.webp"
        }
    },
    {
        "model": "products.productimage",
        "pk": 41,
        "fields": {
            "created": "2025-02-26T04:49:38.833Z",
            "updated": "2025-02-26T04:49:38.833Z",
            "creator": null,
            "is_active": true,
            "product_varient": 11,
            "image": "products/chocolate-cream-cake-half-kg_1_oezFvMf.webp"
        }
    },
    {
        "model": "products.productimage",
        "pk": 42,
        "fields": {
            "created": "2025-02-26T04:49:38.913Z",
            "updated": "2025-02-26T04:49:38.913Z",
            "creator": null,
            "is_active": true,
            "product_varient": 11,
            "image": "products/chocolate-cream-cake-half-kg_2_ZgkYw43.webp"
        }
    },
    {
        "model": "products.productimage",
        "pk": 43,
        "fields": {
            "created": "2025-02-26T04:49:39.072Z",
            "updated": "2025-02-26T04:49:39.072Z",
            "creator": null,
            "is_active": true,
            "product_varient": 11,
            "image": "products/chocolate-cream-cake-half-kg_3_yph7vD3.webp"
        }
    },
    {
        "model": "products.productimage",
        "pk": 44,
        "fields": {
            "created": "2025-02-26T04:49:39.123Z",
            "updated": "2025-02-26T04:49:39.123Z",
            "creator": null,
            "is_active": true,
            "product_varient": 11,
            "image": "products/chocolate-cream-cake-half-kg_4_3v1rEih.webp"
        }
    },
    {
        "model": "products.productimage",
        "pk": 45,
        "fields": {
            "created": "2025-02-26T04:49:39.206Z",
            "updated": "2025-02-26T04:49:39.206Z",
            "creator": null,
            "is_active": true,
            "product_varient": 11,
            "image": "products/chocolate-cream-cake-half-kg_5_Msj9TrV.webp"
        }
    },
    {
        "model": "products.productimage",
        "pk": 46,
        "fields": {
            "created": "2025-02-26T04:49:39.256Z",
            "updated": "2025-02-26T04:49:39.256Z",
            "creator": null,
            "is_active": true,
            "product_varient": 11,
            "image": "products/chocolate-cream-cake-half-kg_6_ZVHid2i.webp"
        }
    },
    {
        "model": "products.productimage",
        "pk": 47,
        "fields": {
            "created": "2025-02-26T05:33:06.699Z",
            "updated": "2025-02-26T05:33:06.699Z",
            "creator": null,
            "is_active": true,
            "product_varient": 12,
            "image": "products/black-forest-cake-half-kg_1_u1cYaXz.webp"
        }
    },
    {
        "model": "products.productimage",
        "pk": 48,
        "fields": {
            "created": "2025-02-26T05:33:06.833Z",
            "updated": "2025-02-26T05:33:06.833Z",
            "creator": null,
            "is_active": true,
            "product_varient": 12,
            "image": "products/black-forest-cake-half-kg_2_XAq18P9.webp"
        }
    },
    {
        "model": "products.productimage",
        "pk": 49,
        "fields": {
            "created": "2025-02-26T05:33:06.902Z",
            "updated": "2025-02-26T05:33:06.902Z",
            "creator": null,
            "is_active": true,
            "product_varient": 12,
            "image": "products/black-forest-cake-half-kg_3_eBJPnoQ.webp"
        }
    },
    {
        "model": "products.productimage",
        "pk": 50,
        "fields": {
            "created": "2025-02-26T05:33:06.960Z",
            "updated": "2025-02-26T05:33:06.960Z",
            "creator": null,
            "is_active": true,
            "product_varient": 12,
            "image": "products/black-forest-cake-half-kg_4_PW1g8vp.webp"
        }
    },
    {
        "model": "products.productimage",
        "pk": 51,
        "fields": {
            "created": "2025-02-26T05:33:07.064Z",
            "updated": "2025-02-26T05:33:07.064Z",
            "creator": null,
            "is_active": true,
            "product_varient": 12,
            "image": "products/black-forest-cake-half-kg_5_0EwriJS.webp"
        }
    },
    {
        "model": "products.productimage",
        "pk": 52,
        "fields": {
            "created": "2025-02-26T05:33:07.141Z",
            "updated": "2025-02-26T05:33:07.141Z",
            "creator": null,
            "is_active": true,
            "product_varient": 12,
            "image": "products/black-forest-cake-half-kg_6_iXWI2pd.webp"
        }
    },
    {
        "model": "products.productimage",
        "pk": 53,
        "fields": {
            "created": "2025-02-26T05:48:11.979Z",
            "updated": "2025-02-26T05:48:11.979Z",
            "creator": null,
            "is_active": true,
            "product_varient": 13,
            "image": "products/pineapple-cake-half-kg_2_k5ArSlj.webp"
        }
    },
    {
        "model": "products.productimage",
        "pk": 54,
        "fields": {
            "created": "2025-02-26T05:48:12.027Z",
            "updated": "2025-02-26T05:48:12.027Z",
            "creator": null,
            "is_active": true,
            "product_varient": 13,
            "image": "products/pineapple-cake-half-kg_3_cBzaoTM.webp"
        }
    },
    {
        "model": "products.productimage",
        "pk": 55,
        "fields": {
            "created": "2025-02-26T05:48:12.059Z",
            "updated": "2025-02-26T05:48:12.059Z",
            "creator": null,
            "is_active": true,
            "product_varient": 13,
            "image": "products/pineapple-cake-half-kg_4_5cR9nWi.webp"
        }
    },
    {
        "model": "products.productimage",
        "pk": 56,
        "fields": {
            "created": "2025-02-26T05:48:12.103Z",
            "updated": "2025-02-26T05:48:12.103Z",
            "creator": null,
            "is_active": true,
            "product_varient": 13,
            "image": "products/pineapple-cake-half-kg_5_KR9uY4p.webp"
        }
    },
    {
        "model": "products.productimage",
        "pk": 57,
        "fields": {
            "created": "2025-02-26T05:48:12.132Z",
            "updated": "2025-02-26T05:48:12.132Z",
            "creator": null,
            "is_active": true,
            "product_varient": 13,
            "image": "products/pineapple-cake-half-kg_6_B5MIKRu.webp"
        }
    },
    {
        "model": "products.productimage",
        "pk": 58,
        "fields": {
            "created": "2025-02-26T05:56:55.191Z",
            "updated": "2025-02-26T05:56:55.191Z",
            "creator": null,
            "is_active": true,
            "product_varient": 14,
            "image": "products/red-velvet-fresh-cream-cake-half-kg_1_5I1Kilg.webp"
        }
    },
    {
        "model": "products.productimage",
        "pk": 59,
        "fields": {
            "created": "2025-02-26T05:58:27.758Z",
            "updated": "2025-02-26T05:58:27.758Z",
            "creator": null,
            "is_active": true,
            "product_varient": 14,
            "image": "products/red-velvet-fresh-cream-cake-half-kg_2_xXfY7LM.webp"
        }
    },
    {
        "model": "products.productimage",
        "pk": 60,
        "fields": {
            "created": "2025-02-26T05:58:27.818Z",
            "updated": "2025-02-26T05:58:27.818Z",
            "creator": null,
            "is_active": true,
            "product_varient": 14,
            "image": "products/red-velvet-fresh-cream-cake-half-kg_3_X2uirGW.webp"
        }
    },
    {
        "model": "products.productimage",
        "pk": 61,
        "fields": {
            "created": "2025-02-26T05:58:27.928Z",
            "updated": "2025-02-26T05:58:27.928Z",
            "creator": null,
            "is_active": true,
            "product_varient": 14,
            "image": "products/red-velvet-fresh-cream-cake-half-kg_4_RcjPAdx.webp"
        }
    },
    {
        "model": "products.productimage",
        "pk": 62,
        "fields": {
            "created": "2025-02-26T07:20:28.626Z",
            "updated": "2025-02-26T07:20:28.626Z",
            "creator": null,
            "is_active": true,
            "product_varient": 15,
            "image": "products/truffle-cake-half-kg-eggless_1_7xQVWlw.webp"
        }
    },
    {
        "model": "products.productimage",
        "pk": 63,
        "fields": {
            "created": "2025-02-26T07:20:51.939Z",
            "updated": "2025-02-26T07:20:51.939Z",
            "creator": null,
            "is_active": true,
            "product_varient": 15,
            "image": "products/truffle-cake-half-kg-eggless_2_XLyHNK1.webp"
        }
    },
    {
        "model": "products.productimage",
        "pk": 64,
        "fields": {
            "created": "2025-02-26T07:20:52.004Z",
            "updated": "2025-02-26T07:20:52.004Z",
            "creator": null,
            "is_active": true,
            "product_varient": 15,
            "image": "products/truffle-cake-half-kg-eggless_3_LitZWqA.webp"
        }
    },
    {
        "model": "products.productimage",
        "pk": 65,
        "fields": {
            "created": "2025-02-26T07:20:52.093Z",
            "updated": "2025-02-26T07:20:52.093Z",
            "creator": null,
            "is_active": true,
            "product_varient": 15,
            "image": "products/truffle-cake-half-kg-eggless_4_aUOip0D.webp"
        }
    },
    {
        "model": "products.productimage",
        "pk": 66,
        "fields": {
            "created": "2025-02-26T07:20:52.175Z",
            "updated": "2025-02-26T07:20:52.175Z",
            "creator": null,
            "is_active": true,
            "product_varient": 15,
            "image": "products/truffle-cake-half-kg-eggless_5_mmO1ulR.webp"
        }
    },
    {
        "model": "products.productimage",
        "pk": 67,
        "fields": {
            "created": "2025-02-26T07:26:29.009Z",
            "updated": "2025-02-26T07:26:29.009Z",
            "creator": null,
            "is_active": true,
            "product_varient": 16,
            "image": "products/raisins-n-dates-dry-cake-500-grams_1_GecbyNv.webp"
        }
    },
    {
        "model": "products.productimage",
        "pk": 68,
        "fields": {
            "created": "2025-02-26T07:26:29.113Z",
            "updated": "2025-02-26T07:26:29.113Z",
            "creator": null,
            "is_active": true,
            "product_varient": 16,
            "image": "products/raisins-n-dates-dry-cake-500-grams_2_RlJML8a.webp"
        }
    },
    {
        "model": "products.productimage",
        "pk": 69,
        "fields": {
            "created": "2025-02-26T07:26:29.189Z",
            "updated": "2025-02-26T07:26:29.189Z",
            "creator": null,
            "is_active": true,
            "product_varient": 16,
            "image": "products/raisins-n-dates-dry-cake-500-grams_3_k7Ei7KP.webp"
        }
    },
    {
        "model": "products.productimage",
        "pk": 70,
        "fields": {
            "created": "2025-02-26T07:26:29.271Z",
            "updated": "2025-02-26T07:26:29.271Z",
            "creator": null,
            "is_active": true,
            "product_varient": 16,
            "image": "products/raisins-n-dates-dry-cake-500-grams_4_c6Zfd7L.webp"
        }
    },
    {
        "model": "products.productimage",
        "pk": 71,
        "fields": {
            "created": "2025-02-26T07:26:29.390Z",
            "updated": "2025-02-26T07:26:29.390Z",
            "creator": null,
            "is_active": true,
            "product_varient": 16,
            "image": "products/raisins-n-dates-dry-cake-500-grams_5_h0VMlsk.webp"
        }
    },
    {
        "model": "products.productimage",
        "pk": 72,
        "fields": {
            "created": "2025-02-26T08:52:13.752Z",
            "updated": "2025-02-26T08:52:13.752Z",
            "creator": null,
            "is_active": true,
            "product_varient": 17,
            "image": "products/personalised-temperature-hydration-bottle_1_N9ofN0i.webp"
        }
    },
    {
        "model": "products.productimage",
        "pk": 73,
        "fields": {
            "created": "2025-02-26T08:52:13.855Z",
            "updated": "2025-02-26T08:52:13.855Z",
            "creator": null,
            "is_active": true,
            "product_varient": 17,
            "image": "products/personalised-temperature-hydration-bottle_2_vYrzJ9f.webp"
        }
    },
    {
        "model": "products.productimage",
        "pk": 74,
        "fields": {
            "created": "2025-02-26T08:52:13.910Z",
            "updated": "2025-02-26T08:52:13.910Z",
            "creator": null,
            "is_active": true,
            "product_varient": 17,
            "image": "products/personalised-temperature-hydration-bottle_3_TLjpArY.webp"
        }
    },
    {
        "model": "products.productimage",
        "pk": 75,
        "fields": {
            "created": "2025-02-26T08:52:13.950Z",
            "updated": "2025-02-26T08:52:13.950Z",
            "creator": null,
            "is_active": true,
            "product_varient": 17,
            "image": "products/personalised-temperature-hydration-bottle_4_yNNPIBW.webp"
        }
    },
    {
        "model": "products.productimage",
        "pk": 76,
        "fields": {
            "created": "2025-02-26T09:23:05.305Z",
            "updated": "2025-02-26T09:23:05.305Z",
            "creator": null,
            "is_active": true,
            "product_varient": 18,
            "image": "products/parker-folio-personalised-ball-pen_1_Alirxnt.webp"
        }
    },
    {
        "model": "products.productimage",
        "pk": 77,
        "fields": {
            "created": "2025-02-26T09:23:05.478Z",
            "updated": "2025-02-26T09:23:05.478Z",
            "creator": null,
            "is_active": true,
            "product_varient": 18,
            "image": "products/parker-folio-personalised-ball-pen_2_xPKjhno.jpg"
        }
    },
    {
        "model": "products.productimage",
        "pk": 78,
        "fields": {
            "created": "2025-02-26T09:23:05.514Z",
            "updated": "2025-02-26T09:23:05.514Z",
            "creator": null,
            "is_active": true,
            "product_varient": 18,
            "image": "products/parker-folio-personalised-ball-pen_3_KRbxrfb.jpg"
        }
    },
    {
        "model": "products.productimage",
        "pk": 79,
        "fields": {
            "created": "2025-02-26T09:23:05.571Z",
            "updated": "2025-02-26T09:23:05.571Z",
            "creator": null,
            "is_active": true,
            "product_varient": 18,
            "image": "products/parker-folio-personalised-ball-pen_4_ZykIFqy.jpg"
        }
    },
    {
        "model": "products.productimage",
        "pk": 80,
        "fields": {
            "created": "2025-02-27T06:13:42.762Z",
            "updated": "2025-02-27T06:13:42.762Z",
            "creator": null,
            "is_active": true,
            "product_varient": 19,
            "image": "products/birthday-celebration-mugs_1.webp"
        }
    },
    {
        "model": "products.productimage",
        "pk": 81,
        "fields": {
            "created": "2025-02-27T06:13:42.791Z",
            "updated": "2025-02-27T06:13:42.791Z",
            "creator": null,
            "is_active": true,
            "product_varient": 19,
            "image": "products/birthday-celebration-mugs_3.jpg"
        }
    },
    {
        "model": "products.productimage",
        "pk": 82,
        "fields": {
            "created": "2025-02-27T06:13:42.814Z",
            "updated": "2025-02-27T06:13:42.814Z",
            "creator": null,
            "is_active": true,
            "product_varient": 19,
            "image": "products/birthday-celebration-mugs_4.jpg"
        }
    },
    {
        "model": "products.productimage",
        "pk": 83,
        "fields": {
            "created": "2025-02-27T07:06:57.437Z",
            "updated": "2025-02-27T07:06:57.437Z",
            "creator": null,
            "is_active": true,
            "product_varient": 20,
            "image": "products/personalised-mens-classy-essentials-gift-box_2.webp"
        }
    },
    {
        "model": "products.productimage",
        "pk": 84,
        "fields": {
            "created": "2025-02-27T07:06:57.469Z",
            "updated": "2025-02-27T07:06:57.469Z",
            "creator": null,
            "is_active": true,
            "product_varient": 20,
            "image": "products/personalised-mens-classy-essentials-gift-box_3.webp"
        }
    },
    {
        "model": "products.productimage",
        "pk": 85,
        "fields": {
            "created": "2025-02-27T07:06:57.567Z",
            "updated": "2025-02-27T07:06:57.567Z",
            "creator": null,
            "is_active": true,
            "product_varient": 20,
            "image": "products/personalised-mens-classy-essentials-gift-box_4.webp"
        }
    },
    {
        "model": "products.productimage",
        "pk": 86,
        "fields": {
            "created": "2025-02-27T07:06:57.668Z",
            "updated": "2025-02-27T07:06:57.668Z",
            "creator": null,
            "is_active": true,
            "product_varient": 20,
            "image": "products/personalised-mens-classy-essentials-gift-box_4_eGjB9Ha.webp"
        }
    },
    {
        "model": "products.productimage",
        "pk": 87,
        "fields": {
            "created": "2025-02-27T07:06:57.766Z",
            "updated": "2025-02-27T07:06:57.766Z",
            "creator": null,
            "is_active": true,
            "product_varient": 20,
            "image": "products/personalised-mens-classy-essentials-gift-box_5.webp"
        }
    },
    {
        "model": "products.productimage",
        "pk": 88,
        "fields": {
            "created": "2025-02-27T07:18:50.227Z",
            "updated": "2025-02-27T07:18:50.227Z",
            "creator": null,
            "is_active": true,
            "product_varient": 21,
            "image": "products/lucky-bamboo-truffle-cake-combo_1.jpg"
        }
    },
    {
        "model": "products.productimage",
        "pk": 89,
        "fields": {
            "created": "2025-02-27T07:25:05.935Z",
            "updated": "2025-02-27T07:25:05.935Z",
            "creator": null,
            "is_active": true,
            "product_varient": 21,
            "image": "products/lucky-bamboo-truffle-cake-combo_2.webp"
        }
    },
    {
        "model": "products.productimage",
        "pk": 90,
        "fields": {
            "created": "2025-02-27T07:25:05.977Z",
            "updated": "2025-02-27T07:25:05.977Z",
            "creator": null,
            "is_active": true,
            "product_varient": 21,
            "image": "products/lucky-bamboo-truffle-cake-combo_3.webp"
        }
    },
    {
        "model": "products.productimage",
        "pk": 91,
        "fields": {
            "created": "2025-02-27T07:25:06.025Z",
            "updated": "2025-02-27T07:25:06.025Z",
            "creator": null,
            "is_active": true,
            "product_varient": 21,
            "image": "products/lucky-bamboo-truffle-cake-combo_4.webp"
        }
    },
    {
        "model": "products.productimage",
        "pk": 92,
        "fields": {
            "created": "2025-02-27T07:25:06.067Z",
            "updated": "2025-02-27T07:25:06.067Z",
            "creator": null,
            "is_active": true,
            "product_varient": 21,
            "image": "products/lucky-bamboo-truffle-cake-combo_5.webp"
        }
    },
    {
        "model": "products.productimage",
        "pk": 93,
        "fields": {
            "created": "2025-02-27T07:32:09.929Z",
            "updated": "2025-02-27T07:32:09.929Z",
            "creator": null,
            "is_active": true,
            "product_varient": 22,
            "image": "products/healthy-birthday-surprise-hamper_1.webp"
        }
    },
    {
        "model": "products.productimage",
        "pk": 94,
        "fields": {
            "created": "2025-02-27T07:33:05.124Z",
            "updated": "2025-02-27T07:33:05.124Z",
            "creator": null,
            "is_active": true,
            "product_varient": 22,
            "image": "products/healthy-birthday-surprise-hamper_2.webp"
        }
    },
    {
        "model": "products.productimage",
        "pk": 95,
        "fields": {
            "created": "2025-02-27T07:33:05.177Z",
            "updated": "2025-02-27T07:33:05.177Z",
            "creator": null,
            "is_active": true,
            "product_varient": 22,
            "image": "products/healthy-birthday-surprise-hamper_3.webp"
        }
    },
    {
        "model": "products.productimage",
        "pk": 96,
        "fields": {
            "created": "2025-02-28T04:24:51.233Z",
            "updated": "2025-02-28T04:24:51.233Z",
            "creator": null,
            "is_active": true,
            "product_varient": 23,
            "image": "products/cute-birthday-gift-hamper-for-your-girlfriend_1.webp"
        }
    },
    {
        "model": "products.productimage",
        "pk": 97,
        "fields": {
            "created": "2025-02-28T04:24:52.158Z",
            "updated": "2025-02-28T04:24:52.158Z",
            "creator": null,
            "is_active": true,
            "product_varient": 23,
            "image": "products/cute-birthday-gift-hamper-for-your-girlfriend_2.webp"
        }
    },
    {
        "model": "products.productimage",
        "pk": 98,
        "fields": {
            "created": "2025-02-28T04:24:52.370Z",
            "updated": "2025-02-28T04:24:52.370Z",
            "creator": null,
            "is_active": true,
            "product_varient": 23,
            "image": "products/cute-birthday-gift-hamper-for-your-girlfriend_3.webp"
        }
    },
    {
        "model": "products.productimage",
        "pk": 99,
        "fields": {
            "created": "2025-02-28T04:46:22.557Z",
            "updated": "2025-02-28T04:46:22.557Z",
            "creator": null,
            "is_active": true,
            "product_varient": 24,
            "image": "products/personalised-birthday-mug-n-goodies-box_1.webp"
        }
    },
    {
        "model": "products.productimage",
        "pk": 100,
        "fields": {
            "created": "2025-02-28T04:46:22.645Z",
            "updated": "2025-02-28T04:46:22.645Z",
            "creator": null,
            "is_active": true,
            "product_varient": 24,
            "image": "products/personalised-birthday-mug-n-goodies-box_2.webp"
        }
    },
    {
        "model": "products.productimage",
        "pk": 101,
        "fields": {
            "created": "2025-02-28T04:46:22.718Z",
            "updated": "2025-02-28T04:46:22.718Z",
            "creator": null,
            "is_active": true,
            "product_varient": 24,
            "image": "products/personalised-birthday-mug-n-goodies-box_3.webp"
        }
    },

    {
        "model": "products.categorylist",
        "pk": 2,
        "fields": {
            "created": "2025-02-25T06:13:55.072Z",
            "updated": "2025-02-25T06:13:55.072Z",
            "creator": 1,
            "is_active": true,
            "title": "Birthday Gifts that Wow",
            "category": 1
        }
    }
    
]